{
    "parent": "block/block",
    "elements": [
        {   "from": [ 0.001, 0.001, 0.001 ],
            "to": [ 15.999, 15.999, 15.999 ],
            "faces": {
                "down":  { "texture": "#texture", "cullface": "texture" },
                "up":    { "texture": "#texture", "cullface": "up" },
                "north": { "texture": "#texture", "cullface": "north" },
                "south": { "texture": "#texture", "cullface": "south" },
                "west":  { "texture": "#texture", "cullface": "west" },
                "east":  { "texture": "#texture", "cullface": "east" }
            }
        }
    ],
    "textures": {
        "texture": "block/barrier",
        "particle": "block/stone"
    }
}
