{
	"credit": "Made with Blockbench",
	"textures": {
		"0": "item/custom/souls/lucid_soul",
		"particle": "item/custom/souls/lucid_soul"
	},
	"elements": [
		{
			"from": [0, 8, 0],
			"to": [16, 8, 16],
			"faces": {
				"north": {"uv": [0, 0, 16, 0], "texture": "#0"},
				"east": {"uv": [0, 0, 16, 0], "texture": "#0"},
				"south": {"uv": [0, 0, 16, 0], "texture": "#0"},
				"west": {"uv": [0, 0, 16, 0], "texture": "#0"},
				"up": {"uv": [0, 0, 16, 16], "texture": "#0"},
				"down": {"uv": [16, 0, 0, 16], "rotation": 180, "texture": "#0"}
			}
		}
	],
	"display": {
		"head": {
			"rotation": [90, 0, 0],
			"scale": [3, 3, 3]
		}
	}
}