{
  "__comment": "Holy shit, that's a lot",
  "parent": "item/handheld",
  "textures": {
    "layer0": "item/diamond_pickaxe"
	},
	"overrides": [
		{ "predicate": { "custom_model_data": -6}, "model": "item/custom/equipment/gloves/shadow" },
		{ "predicate": { "custom_model_data": -5}, "model": "item/custom/equipment/cape/shadow" },
		{ "predicate": { "custom_model_data": -4}, "model": "item/custom/equipment/shoes/shadow" },
		{ "predicate": { "custom_model_data": -3}, "model": "item/custom/equipment/pants/shadow" },
		{ "predicate": { "custom_model_data": -2}, "model": "item/custom/equipment/shirt/shadow" },
		{ "predicate": { "custom_model_data": -1}, "model": "item/custom/equipment/hat/shadow" },
		{ "predicate": { "custom_model_data": 0}, "model": "item/diamond_pickaxe" },
		{ "predicate": { "custom_model_data": 1}, "model": "item/custom/equipment/1" },
		{ "predicate": { "custom_model_data": 2}, "model": "item/custom/equipment/2" },
		{ "predicate": { "custom_model_data": 3}, "model": "item/custom/equipment/3" },
		{ "predicate": { "custom_model_data": 4}, "model": "item/custom/equipment/4" },
		{ "predicate": { "custom_model_data": 5}, "model": "item/custom/equipment/5" },
		{ "predicate": { "custom_model_data": 6}, "model": "item/custom/equipment/6" },
		{ "predicate": { "custom_model_data": 7}, "model": "item/custom/equipment/7" },
		{ "predicate": { "custom_model_data": 8}, "model": "item/custom/equipment/8" },
		{ "predicate": { "custom_model_data": 9}, "model": "item/custom/equipment/9" },
		{ "predicate": { "custom_model_data": 10}, "model": "item/custom/equipment/10" },
		{ "predicate": { "custom_model_data": 11}, "model": "item/custom/equipment/11" },
		{ "predicate": { "custom_model_data": 12}, "model": "item/custom/equipment/12" },
		{ "predicate": { "custom_model_data": 13}, "model": "item/custom/equipment/13" },
		{ "predicate": { "custom_model_data": 14}, "model": "item/custom/equipment/14" },
		{ "predicate": { "custom_model_data": 15}, "model": "item/custom/equipment/15" },
		{ "predicate": { "custom_model_data": 16}, "model": "item/custom/equipment/16" },
		{ "predicate": { "custom_model_data": 17}, "model": "item/custom/equipment/17" },
		{ "predicate": { "custom_model_data": 18}, "model": "item/custom/equipment/18" },
		{ "predicate": { "custom_model_data": 19}, "model": "item/custom/equipment/19" },
		{ "predicate": { "custom_model_data": 20}, "model": "item/custom/equipment/20" },
		{ "predicate": { "custom_model_data": 21}, "model": "item/custom/equipment/21" },
		{ "predicate": { "custom_model_data": 22}, "model": "item/custom/equipment/22" },
		{ "predicate": { "custom_model_data": 23}, "model": "item/custom/equipment/23" },
		{ "predicate": { "custom_model_data": 24}, "model": "item/custom/equipment/24" },
		{ "predicate": { "custom_model_data": 25}, "model": "item/custom/equipment/25" },
		{ "predicate": { "custom_model_data": 26}, "model": "item/custom/equipment/26" },
		{ "predicate": { "custom_model_data": 27}, "model": "item/custom/equipment/27" },
		{ "predicate": { "custom_model_data": 28}, "model": "item/custom/equipment/28" },
		{ "predicate": { "custom_model_data": 29}, "model": "item/custom/equipment/29" },
		{ "predicate": { "custom_model_data": 30}, "model": "item/custom/equipment/30" },
		{ "predicate": { "custom_model_data": 31}, "model": "item/custom/equipment/31" },
		{ "predicate": { "custom_model_data": 32}, "model": "item/custom/equipment/32" },
		{ "predicate": { "custom_model_data": 33}, "model": "item/custom/equipment/33" },
		{ "predicate": { "custom_model_data": 34}, "model": "item/custom/equipment/34" },
		{ "predicate": { "custom_model_data": 35}, "model": "item/custom/equipment/35" },
		{ "predicate": { "custom_model_data": 36}, "model": "item/custom/equipment/36" },
		{ "predicate": { "custom_model_data": 37}, "model": "item/custom/equipment/37" },
		{ "predicate": { "custom_model_data": 38}, "model": "item/custom/equipment/38" },
		{ "predicate": { "custom_model_data": 39}, "model": "item/custom/equipment/39" },
		{ "predicate": { "custom_model_data": 40}, "model": "item/custom/equipment/40" },
		{ "predicate": { "custom_model_data": 41}, "model": "item/custom/equipment/41" },
		{ "predicate": { "custom_model_data": 42}, "model": "item/custom/equipment/42" },
		{ "predicate": { "custom_model_data": 43}, "model": "item/custom/equipment/43" },
		{ "predicate": { "custom_model_data": 44}, "model": "item/custom/equipment/44" },
		{ "predicate": { "custom_model_data": 45}, "model": "item/custom/equipment/45" },
		{ "predicate": { "custom_model_data": 46}, "model": "item/custom/equipment/46" },
		{ "predicate": { "custom_model_data": 47}, "model": "item/custom/equipment/47" },
		{ "predicate": { "custom_model_data": 48}, "model": "item/custom/equipment/48" },
		{ "predicate": { "custom_model_data": 49}, "model": "item/custom/equipment/49" },
		{ "predicate": { "custom_model_data": 50}, "model": "item/custom/equipment/50" },
		{ "predicate": { "custom_model_data": 51}, "model": "item/custom/equipment/51" },
		{ "predicate": { "custom_model_data": 52}, "model": "item/custom/equipment/52" },
		{ "predicate": { "custom_model_data": 53}, "model": "item/custom/equipment/53" },
		{ "predicate": { "custom_model_data": 54}, "model": "item/custom/equipment/54" },
		{ "predicate": { "custom_model_data": 55}, "model": "item/custom/equipment/55" },
		{ "predicate": { "custom_model_data": 56}, "model": "item/custom/equipment/56" }
	]
}