{
	"__comment": "/give @s minecraft:flint_and_steel{CustomModelData:1}  ",
	"parent": "item/handheld",
	"textures": {
		"layer0": "item/flint_and_steel"
	},
	"overrides": [
		{ "predicate": { "custom_model_data": -1}, "model": "item/alchemy/0" },
		{ "predicate": { "custom_model_data": 0}, "model": "item/flint_and_steel" },
		{ "predicate": { "custom_model_data": 1}, "model": "item/alchemy/1" },
		{ "predicate": { "custom_model_data": 2}, "model": "item/alchemy/2" },
		{ "predicate": { "custom_model_data": 3}, "model": "item/alchemy/3" },
		{ "predicate": { "custom_model_data": 4}, "model": "item/alchemy/4" },
		{ "predicate": { "custom_model_data": 5}, "model": "item/alchemy/5" },
		{ "predicate": { "custom_model_data": 6}, "model": "item/alchemy/6" },
		{ "predicate": { "custom_model_data": 7}, "model": "item/alchemy/7" },
		{ "predicate": { "custom_model_data": 8}, "model": "item/alchemy/8" },
		{ "predicate": { "custom_model_data": 9}, "model": "item/alchemy/9" },
		{ "predicate": { "custom_model_data": 10}, "model": "item/alchemy/10" },
		{ "predicate": { "custom_model_data": 11}, "model": "item/alchemy/11" },
		{ "predicate": { "custom_model_data": 12}, "model": "item/alchemy/12" },
		{ "predicate": { "custom_model_data": 13}, "model": "item/alchemy/13" },
		{ "predicate": { "custom_model_data": 14}, "model": "item/alchemy/14" },
		{ "predicate": { "custom_model_data": 15}, "model": "item/alchemy/15" },
		{ "predicate": { "custom_model_data": 16}, "model": "item/alchemy/16" },
		{ "predicate": { "custom_model_data": 17}, "model": "item/alchemy/17" },
		{ "predicate": { "custom_model_data": 18}, "model": "item/alchemy/18" },
		{ "predicate": { "custom_model_data": 19}, "model": "item/alchemy/19" },
		{ "predicate": { "custom_model_data": 20}, "model": "item/alchemy/20" },
		{ "predicate": { "custom_model_data": 21}, "model": "item/alchemy/21" },
		{ "predicate": { "custom_model_data": 22}, "model": "item/alchemy/22" },
		{ "predicate": { "custom_model_data": 23}, "model": "item/alchemy/23" },
		{ "predicate": { "custom_model_data": 24}, "model": "item/alchemy/24" },
		{ "predicate": { "custom_model_data": 25}, "model": "item/alchemy/25" },
		{ "predicate": { "custom_model_data": 26}, "model": "item/alchemy/26" },
		{ "predicate": { "custom_model_data": 27}, "model": "item/alchemy/27" },
		{ "predicate": { "custom_model_data": 28}, "model": "item/alchemy/28" },
		{ "predicate": { "custom_model_data": 29}, "model": "item/alchemy/29" },
		{ "predicate": { "custom_model_data": 30}, "model": "item/alchemy/30" },
		{ "predicate": { "custom_model_data": 31}, "model": "item/alchemy/31" },
		{ "predicate": { "custom_model_data": 32}, "model": "item/alchemy/32" },
		{ "predicate": { "custom_model_data": 33}, "model": "item/alchemy/33" },
		{ "predicate": { "custom_model_data": 34}, "model": "item/alchemy/34" }
	]
}


