{
	"__comment": "/minecraft:give @p minecraft:stick{CustomModelData:1}",
	"parent": "item/handheld",
	"textures": {
		"layer0": "item/gold_nugget"
	},
	"overrides": [
		{ "predicate": { "custom_model_data": -11}, "model": "item/runes/ender_rune" },
		{ "predicate": { "custom_model_data": -10}, "model": "item/runes/fire_rune" },
		{ "predicate": { "custom_model_data": -9}, "model": "item/runes/earth_rune" },
		{ "predicate": { "custom_model_data": -8}, "model": "item/runes/water_rune" },
		{ "predicate": { "custom_model_data": -7}, "model": "item/runes/air_rune" },
		{ "predicate": { "custom_model_data": -6}, "model": "item/runes/blank_rune" },
		{ "predicate": { "custom_model_data": -5}, "model": "guis/hourglass" },
		{ "predicate": { "custom_model_data": -4}, "model": "item/custom/drops/mnote" },
		{ "predicate": { "custom_model_data": -3}, "model": "item/custom/drops/cnote" },
		{ "predicate": { "custom_model_data": -2}, "model": "item/custom/drops/inote" },
		{ "predicate": { "custom_model_data": -1}, "model": "guis/invisible_item" },
		{ "predicate": { "custom_model_data": 0}, "model": "item/gold_nugget" },
		{ "predicate": { "custom_model_data": 1}, "model": "guis/template_bottom" },
		{ "predicate": { "custom_model_data": 2}, "model": "guis/template_top" },
		{ "predicate": { "custom_model_data": 3}, "model": "guis/blue_lower" },
		{ "predicate": { "custom_model_data": 4}, "model": "guis/blue_top" },
		{ "predicate": { "custom_model_data": 5}, "model": "guis/equipment_bottom" },
		{ "predicate": { "custom_model_data": 6}, "model": "guis/equipment_top" },
		{ "predicate": { "custom_model_data": 7}, "model": "guis/abilities_bottom" },
		{ "predicate": { "custom_model_data": 8}, "model": "guis/abilities_top" },
		{ "predicate": { "custom_model_data": 9}, "model": "guis/stats_bottom" },
		{ "predicate": { "custom_model_data": 10}, "model": "guis/stats_top" },
		{ "predicate": { "custom_model_data": 11}, "model": "guis/smeltery_bottom" },
		{ "predicate": { "custom_model_data": 12}, "model": "guis/smeltery_top" },
		{ "predicate": { "custom_model_data": 13}, "model": "guis/altar_bottom" },
		{ "predicate": { "custom_model_data": 14}, "model": "guis/altar_top" },
		{ "predicate": { "custom_model_data": 15}, "model": "guis/alchemy_bottom" },
		{ "predicate": { "custom_model_data": 16}, "model": "guis/alchemy_top" },
		{ "predicate": { "custom_model_data": 17}, "model": "guis/statues_bottom" },
		{ "predicate": { "custom_model_data": 18}, "model": "guis/statues_top" },
		{ "predicate": { "custom_model_data": 19}, "model": "guis/craft_book_bottom" },
		{ "predicate": { "custom_model_data": 20}, "model": "guis/craft_book_top" },
		{ "predicate": { "custom_model_data": 21}, "model": "guis/guilds_bottom" },
		{ "predicate": { "custom_model_data": 22}, "model": "guis/guilds_top" },
		{ "predicate": { "custom_model_data": 23}, "model": "guis/my_guild_bottom" },
		{ "predicate": { "custom_model_data": 24}, "model": "guis/my_guild_top" },
		{ "predicate": { "custom_model_data": 25}, "model": "guis/members_guild_bottom" },
		{ "predicate": { "custom_model_data": 26}, "model": "guis/members_guild_top" },
		{ "predicate": { "custom_model_data": 27}, "model": "guis/bank_guild_bottom" },
		{ "predicate": { "custom_model_data": 28}, "model": "guis/bank_guild_top" },
		{ "predicate": { "custom_model_data": 29}, "model": "guis/flag_guild_bottom" },
		{ "predicate": { "custom_model_data": 30}, "model": "guis/flag_guild_top" },
		{ "predicate": { "custom_model_data": 31}, "model": "guis/all_guilds_bottom" },
		{ "predicate": { "custom_model_data": 32}, "model": "guis/all_guilds_top" },
		{ "predicate": { "custom_model_data": 33}, "model": "guis/guilds_confirm_bottom" },
		{ "predicate": { "custom_model_data": 34}, "model": "guis/guilds_confirm_top" },
		{ "predicate": { "custom_model_data": 35}, "model": "guis/guild_info_bottom" },
		{ "predicate": { "custom_model_data": 36}, "model": "guis/guild_info_top" },
		{ "predicate": { "custom_model_data": 37}, "model": "guis/guild_settings_bottom" },
		{ "predicate": { "custom_model_data": 38}, "model": "guis/guild_settings_top" }
	]
}


