{
    "parent": "item/generated",
    "textures": {
        "layer0": "item/potion_overlay",
        "layer1": "item/potion"
	},
	"overrides": [
		{ "predicate": { "custom_model_data": 10}, "model": "item/alchemy/11" },
		{ "predicate": { "custom_model_data": 11}, "model": "item/alchemy/12" },
		{ "predicate": { "custom_model_data": 12}, "model": "item/alchemy/13" },
		{ "predicate": { "custom_model_data": 13}, "model": "item/alchemy/14" },
		{ "predicate": { "custom_model_data": 14}, "model": "item/alchemy/15" },
		{ "predicate": { "custom_model_data": 15}, "model": "item/alchemy/16" },
		{ "predicate": { "custom_model_data": 16}, "model": "item/alchemy/17" },
		{ "predicate": { "custom_model_data": 17}, "model": "item/alchemy/18" },
		{ "predicate": { "custom_model_data": 18}, "model": "item/alchemy/19" },
		{ "predicate": { "custom_model_data": 19}, "model": "item/alchemy/20" }
	]
}