{
	"__comment": "/minecraft:give @p minecraft:stick{CustomModelData:1}",
	"parent": "item/handheld",
	"textures": {
		"layer0": "item/rabbit_hide"
	},
	"overrides": [
		{ "predicate": { "custom_model_data": 0}, "model": "item/custom/wings/green_wings" },
		{ "predicate": { "custom_model_data": 1}, "model": "item/custom/wings/lucid_wings" },
		{ "predicate": { "custom_model_data": 2}, "model": "item/custom/wings/pink_lucid_wings" },
		{ "predicate": { "custom_model_data": 3}, "model": "item/custom/tails/tail1" },
		{ "predicate": { "custom_model_data": 4}, "model": "item/custom/bunny_ears" },
		{ "predicate": { "custom_model_data": 5}, "model": "item/custom/souls/lucid_soul" }
	]
}


