{
  "__comment": "Max shield durability is 337",
    "parent": "builtin/entity",
    "display": {
        "thirdperson_righthand": {
            "rotation": [ 0, 90, 0 ],
            "translation": [ 10.51, 6, -4 ],
            "scale": [ 1, 1, 1 ]
        },
        "thirdperson_lefthand": {
            "rotation": [ 0, 90, 0 ],
            "translation": [ 10.51, 6, 12 ],
            "scale": [ 1, 1, 1 ]
        },
        "firstperson_righthand": {
            "rotation": [ 0, 180, 5 ],
            "translation": [ -10, 2, -10 ],
            "scale": [ 1.25, 1.25, 1.25 ]
        },
        "firstperson_lefthand": {
            "rotation": [ 0, 180, 5 ],
            "translation": [ 10, 0, -10 ],
            "scale": [ 1.25, 1.25, 1.25 ]
        },
        "gui": {
            "rotation": [ 15, -25, -5 ],
            "translation": [ 2, 3, 0 ],
            "scale": [ 0.65, 0.65, 0.65 ]
        },
        "fixed": {
            "rotation": [ 0, 180, 0 ],
            "translation": [ -2, 4, -5],
            "scale":[ 0.5, 0.5, 0.5]
        },
        "ground": {
            "rotation": [ 0, 0, 0 ],
            "translation": [ 4, 4, 2],
            "scale":[ 0.25, 0.25, 0.25]
        }
    },
    "overrides": [
        {
            "predicate": {
                "blocking": 1
            },
            "model": "item/shield_blocking"
        },

        {"predicate": {"custom_model_data": 1}, "model": "item/custom/mirror_shield"},
        {"predicate": {"damaged": 0, "damage": 0.00593471810089}, "model": "item/saber/lightsaber_green"},
        {"predicate": {"damaged": 0, "damage": 0.008902077151335}, "model": "item/saber/lightsaber_blue"},
        {"predicate": {"damaged": 0, "damage": 0.01186943620178}, "model": "item/saber/lightsaber_red"},
        {"predicate": {"damaged": 0, "damage": 0.014836795252226}, "model": "item/saber/lightsaber_orange"},
        {"predicate": {"damaged": 0, "damage": 0.017804154302671}, "model": "item/saber/lightsaber_purple"},

        {"predicate": {"damaged": 1, "damage": 0}, "model": "item/shield"},

        {"predicate": {"blocking": 1, "custom_model_data": 1}, "model": "item/custom/mirror_shield_blocking"},
        {"predicate": {"blocking": 1, "damaged": 0, "damage": 0.00593471810089}, "model": "item/saber/lightsaber_green_blocking"},
        {"predicate": {"blocking": 1, "damaged": 0, "damage": 0.008902077151335}, "model": "item/saber/lightsaber_blue_blocking"},
        {"predicate": {"blocking": 1, "damaged": 0, "damage": 0.01186943620178}, "model": "item/saber/lightsaber_red_blocking"},
        {"predicate": {"blocking": 1, "damaged": 0, "damage": 0.014836795252226}, "model": "item/saber/lightsaber_orange_blocking"},
        {"predicate": {"blocking": 1, "damaged": 0, "damage": 0.017804154302671}, "model": "item/saber/lightsaber_purple_blocking"},
        
        {"predicate": {"blocking": 1, "damaged": 1, "damage": 0}, "model": "item/shield_blocking" }
    ]
}
