{
	"__comment": "/give @s minecraft:sponge{CustomModelData:1}",
	"parent": "block/sponge",
	"textures": {
		"layer0": "item/sponge"
	},
	"overrides": [
		{ "predicate": { "custom_model_data": 0}, "model": "item/sponge" },
		{ "predicate": { "custom_model_data": 1}, "model": "item/custom/altar" },
		{ "predicate": { "custom_model_data": 2}, "model": "item/custom/altar" },
		{ "predicate": { "custom_model_data": 3}, "model": "item/custom/altar" },
		{ "predicate": { "custom_model_data": 4}, "model": "item/custom/altar" },
		{ "predicate": { "custom_model_data": 5}, "model": "item/custom/altar" }
	]

}S