{
	"format_version": "1.8.0",
	"animations": {
		"elk.walking": {
			"loop": true,
			"animation_length": 1,
			"bones": {
				"head": {
					"rotation": {
						"0.0": [0, 0, 0],
						"0.5": [0, 0, -3],
						"1.0": [0, 0, 0]
					}
				},
				"leg0": {
					"rotation": {
						"0.0": [-25, 0, 0],
						"0.5": [25, 0, 0],
						"1.0": [-25, 0, 0]
					}
				},
				"leg1": {
					"rotation": {
						"0.0": [-25, 0, 0],
						"0.5": [25, 0, 0],
						"1.0": [-25, 0, 0]
					}
				},
				"leg2": {
					"rotation": {
						"0.0": [25, 0, 0],
						"0.5": [-25, 0, 0],
						"1.0": [25, 0, 0]
					}
				},
				"leg3": {
					"rotation": {
						"0.0": [25, 0, 0],
						"0.5": [-25, 0, 0],
						"1.0": [25, 0, 0]
					}
				}
			}
		}
	}
}