{
	"format_version": "1.8.0",
	"animations": {
		"lost_soul.idle.animation": {
			"loop": true,
			"animation_length": 2,
			"bones": {
				"head": {
					"rotation": {
						"0.0": [0, 0, 0],
						"0.5": [-4, 12, 3],
						"1.0": [0, 0, 0],
						"1.5": [4, -12, 8],
						"2.0": [0, 0, 0]
					},
					"position": {
						"0.0": [0, 0, 0],
						"0.5": [0, 0.33, 0],
						"1.0": [0, 0, 0],
						"1.5": [0, -0.5, 0],
						"2.0": [0, 0, 0]
					}
				},
				"body": {
					"rotation": {
						"0.0": [0, 0, 0],
						"0.5": [0, -3, 5],
						"1.0": [0, 0, 0],
						"1.5": [0, 3, -5],
						"2.0": [0, 0, 0]
					},
					"position": {
						"0.0": [0, 0, 0],
						"0.5": [0, 0.33, 0],
						"1.0": [0, 0, 0],
						"1.5": [0, -0.5, 0],
						"2.0": [0, 0, 0]
					}
				},
				"arm": {
					"rotation": {
						"0.0": [0, 0, 0],
						"0.5": [-13, -25, 0],
						"1.0": [0, 0, 0],
						"1.5": [20, 25, 0],
						"2.0": [0, 0, 0]
					},
					"position": {
						"0.0": [0, 0, 0],
						"0.5": [0, 0.33, 0],
						"1.0": [0, 0, 0],
						"1.5": [0, -0.5, 0],
						"2.0": [0, 0, 0]
					}
				},
				"spine3": {
					"rotation": {
						"0.0": [0, 0, 0],
						"0.5": [0, -4, 9],
						"1.0": [0, 0, 0],
						"1.5": [0, 4, -9],
						"2.0": [0, 0, 0]
					},
					"position": {
						"0.0": [0, 0, 0],
						"0.5": [-0.7, 0.7, -0.1],
						"1.0": [0, 0, 0],
						"1.5": [0.7, -0.3, 0.1],
						"2.0": [0, 0, 0]
					}
				},
				"spine2": {
					"rotation": {
						"0.0": [0, 0, 0],
						"0.5": [0, -3, 11],
						"1.0": [0, 0, 0],
						"1.5": [0, 2, -8],
						"2.0": [0, 0, 0]
					},
					"position": {
						"0.0": [0, 0, 0],
						"0.5": [-1.1, 1.2, -0.1],
						"1.0": [0, 0, 0],
						"1.5": [1.3, -0.4, 0.1],
						"2.0": [0, 0, 0]
					},
					"scale": [1, 1, 1]
				},
				"spine": {
					"rotation": {
						"0.0": [0, 0, 0],
						"0.5": [0, -3, 21],
						"1.0": [0, 0, 0],
						"1.5": [0, 2, -18],
						"2.0": [0, 0, 0]
					},
					"position": {
						"0.0": [0, 0, 0],
						"0.5": [-1.5, 1.8, -0.2],
						"1.0": [0, 0, 0],
						"1.5": [1.8, -0.7, 0.2],
						"2.0": [0, 0, 0]
					},
					"scale": [1, 1, 1]
				}
			}
		}
	}
}