{
	"format_version": "1.12.0",
	"minecraft:geometry": [
		{
			"description": {
				"identifier": "geometry.unknown",
				"texture_width": 64,
				"texture_height": 64,
				"visible_bounds_width": 2,
				"visible_bounds_height": 2,
				"visible_bounds_offset": [0, 1, 0]
			},
			"bones": [
				{
					"name": "head",
					"pivot": [1.7, 24.4, 1],
					"cubes": [
						{"origin": [-1.3, 23.5, -2], "size": [6, 6, 6], "uv": [30, 37]},
						{"origin": [-2.3, 23.5, -3], "size": [8, 8, 8], "uv": [23, 0]}
					]
				},
				{
					"name": "body",
					"pivot": [1.7, 24, 1],
					"cubes": [
						{"origin": [2.74603, 17.25634, -3], "size": [1, 2, 8], "uv": [0, 42]},
						{"origin": [0.64603, 20.50634, -7], "size": [2, 2, 16], "uv": [0, 24]},
						{"origin": [0.24603, 16.00634, -7.5], "size": [3, 7, 17], "uv": [0, 0]},
						{"origin": [2.74603, 17.25634, -4], "size": [3, 2, 1], "uv": [0, 35]},
						{"origin": [2.74603, 17.25634, 5], "size": [3, 2, 1], "uv": [8, 32]},
						{"origin": [5.74603, 17.25634, -4], "size": [1, 2, 2], "uv": [40, 16]},
						{"origin": [5.74603, 17.25634, 4], "size": [1, 2, 2], "uv": [38, 26]},
						{"origin": [0.74603, 15.50634, -0.1], "size": [2.1, 9, 2.2], "uv": [0, 24]}
					]
				},
				{
					"name": "arm",
					"pivot": [2, 21.6, -6.4],
					"cubes": [
						{"origin": [2.32122, 21.1, -6.53284], "size": [6, 1, 1], "pivot": [0.8, 16.6, -6], "rotation": [0, 22.5, 0], "uv": [0, 10]},
						{"origin": [8.81368, 19.90313, -9.83284], "size": [6, 2, 2], "pivot": [6.8, 17.5, -8.9], "rotation": [0, 0, -22.5], "uv": [0, 6]},
						{"origin": [12.17748, 22.7281, -10.13284], "size": [1.5, 2, 3], "pivot": [13.22748, 19.9281, -8.83284], "rotation": [0, -22.5, 0], "uv": [8, 24]},
						{"origin": [9.5, 12.6, -10.9], "size": [6, 7, 6], "pivot": [15, 14.9, -7.4], "rotation": [0, -22.5, 0], "uv": [20, 24]},
						{"origin": [10.5, 19.6, -9.9], "size": [4, 2, 4], "pivot": [15, 14.9, -7.4], "rotation": [0, -22.5, 0], "uv": [0, 0]},
						{"origin": [12, 20.6, -5.9], "size": [1, 3, 0.5], "pivot": [15, 14.9, -7.4], "rotation": [0, -22.5, 0], "uv": [2, 0]},
						{"origin": [12, 20.6, -10.4], "size": [1, 3, 0.5], "pivot": [15, 14.9, -7.4], "rotation": [0, -22.5, 0], "uv": [0, 0]},
						{"origin": [12, 22.6, -9.9], "size": [1, 1, 4], "pivot": [15, 14.9, -7.4], "rotation": [0, -22.5, 0], "uv": [0, 12]}
					]
				},
				{
					"name": "spine3",
					"pivot": [0.8, 15.6, 1],
					"cubes": [
						{"origin": [-2.20449, 11.55388, 0], "size": [2, 4, 2], "pivot": [-0.84874, 8.11346, 1], "rotation": [0, 0, 22.5], "uv": [23, 0]},
						{"origin": [2.79551, 13.05388, -4], "size": [1, 2, 2], "pivot": [-0.84874, 8.11346, 1], "rotation": [0, 0, 22.5], "uv": [20, 24]},
						{"origin": [-0.20449, 13.05388, -4], "size": [3, 2, 1], "pivot": [-0.84874, 8.11346, 1], "rotation": [0, 0, 22.5], "uv": [6, 12]},
						{"origin": [-0.20449, 13.05388, -3], "size": [1, 2, 8], "pivot": [-0.84874, 8.11346, 1], "rotation": [0, 0, 22.5], "uv": [38, 16]},
						{"origin": [-0.20449, 13.05388, 5], "size": [3, 2, 1], "pivot": [-0.84874, 8.11346, 1], "rotation": [0, 0, 22.5], "uv": [8, 29]},
						{"origin": [2.79551, 13.05388, 4], "size": [1, 2, 2], "pivot": [-0.84874, 8.11346, 1], "rotation": [0, 0, 22.5], "uv": [8, 35]}
					]
				},
				{
					"name": "spine2",
					"pivot": [-0.8, 11.8, 1],
					"cubes": [
						{"origin": [-0.77673, 7.74894, 0], "size": [2, 4, 2], "pivot": [-0.70602, 11.7895, 1], "rotation": [0, 0, 45], "uv": [0, 42]}
					]
				},
				{
					"name": "spine",
					"pivot": [-3.6, 9, 1],
					"cubes": [
						{"origin": [-6.60313, -0.50753, 0], "size": [2, 4, 2], "pivot": [-1, 4, 1], "rotation": [0, 0, 67.5], "uv": [10, 42]}
					]
				}
			]
		}
	]
}