{
	"format_version": "1.8.0",
	"animations": {
		"scorpion.walking": {
			"loop": true,
			"animation_length": 1,
			"bones": {
				"body": {
					"rotation": {
						"0.0": [0, 0, 0],
						"0.2": [1, 0, 0],
						"0.4": [0, 0, 0],
						"0.6": [2, 0, 0],
						"0.8": [0, 0, 0],
						"1.0": [0, 0, 0]
					}
				},
				"legs1to3": {
					"rotation": {
						"0.0": [0, -2, 0],
						"0.4": [0, 1.2, 0],
						"0.5": [0, 2, 0],
						"1.0": [0, -2, 0]
					}
				},
				"legs2to4": {
					"rotation": {
						"0.0": [0, 2, 0],
						"0.5": [0, -2, 0],
						"1.0": [0, 2, 0]
					}
				},
				"tail": {
					"rotation": {
						"0.0": [-6, 0, 0],
						"0.5": [6, 0, 0],
						"1.0": [-6, 0, 0]
					}
				}
			}
		},
		"scorpion.attack": {
			"loop": true,
			"animation_length": 1,
			"bones": {
				"body": {
					"rotation": {
						"0.0": [0, 0, 0],
						"0.4": [2, 0, 0],
						"0.8": [-1, 0, 0],
						"1.0": [0, 0, 0]
					}
				},
				"legs1to3": {
					"rotation": {
						"0.0": [0, 0, 0],
						"0.2": [0, 0, 0],
						"0.4": [2, 0, 0],
						"0.6": [0, 0, 0]
					}
				},
				"legs2to4": {
					"rotation": {
						"0.0": [0, -2, 0],
						"0.2": [0, -2, 0],
						"0.4": [5, -2, 0],
						"0.6": [0, -2, 0]
					}
				},
				"tail": {
					"rotation": {
						"0.0": [-7, 0, 0],
						"0.2": [-20, 0, 0],
						"0.4": [-41, 0, 0],
						"0.6": [11, 0, 0],
						"0.8": [0, 0, 0],
						"1.0": [0, 0, 0]
					}
				}
			}
		}
	}
}