{
	"format_version": "1.12.0",
	"minecraft:geometry": [
		{
			"description": {
				"identifier": "geometry.unknown",
				"texture_width": 64,
				"texture_height": 64,
				"visible_bounds_width": 3,
				"visible_bounds_height": 1,
				"visible_bounds_offset": [0, 0.5, 0]
			},
			"bones": [
				{
					"name": "body",
					"pivot": [0, 2.25, 0],
					"cubes": [
						{
							"origin": [-4.005, 1, -6.0094],
							"size": [8, 3, 15],
							"uv": {
								"north": {"uv": [15, 15], "uv_size": [8, 3]},
								"east": {"uv": [0, 15], "uv_size": [15, 3]},
								"south": {"uv": [38, 15], "uv_size": [8, 3]},
								"west": {"uv": [23, 15], "uv_size": [15, 3]},
								"up": {"uv": [15, 0], "uv_size": [8, 15]},
								"down": {"uv": [31, 0], "uv_size": [-8, 15]}
							}
						},
						{
							"origin": [0.70931, 2.56, -14.91909],
							"size": [2.56, 1.192, 8.064],
							"pivot": [-0.005, 0, -5.0094],
							"rotation": [0, -45, 0],
							"uv": {
								"north": {"uv": [20, 27], "uv_size": [2, 1]},
								"east": {"uv": [12, 27], "uv_size": [8, 1]},
								"south": {"uv": [30, 27], "uv_size": [2, 1]},
								"west": {"uv": [22, 27], "uv_size": [8, 1]},
								"up": {"uv": [20, 19], "uv_size": [2, 8]},
								"down": {"uv": [24, 19], "uv_size": [-2, 8]}
							}
						},
						{
							"origin": [-3.27931, 2.56, -14.91909],
							"size": [2.56, 1.192, 8.064],
							"pivot": [-0.005, 0, -5.0094],
							"rotation": [0, 45, 0],
							"uv": {
								"north": {"uv": [8, 26], "uv_size": [2, 1]},
								"east": {"uv": [0, 26], "uv_size": [8, 1]},
								"south": {"uv": [18, 26], "uv_size": [2, 1]},
								"west": {"uv": [10, 26], "uv_size": [8, 1]},
								"up": {"uv": [8, 18], "uv_size": [2, 8]},
								"down": {"uv": [12, 18], "uv_size": [-2, 8]}
							}
						},
						{
							"origin": [4.955, 2.88, -14.0254],
							"size": [2.32, 0.424, 5.44],
							"uv": {
								"north": {"uv": [20, 13], "uv_size": [2, 0]},
								"east": {"uv": [15, 13], "uv_size": [5, 0]},
								"south": {"uv": [27, 13], "uv_size": [2, 0]},
								"west": {"uv": [22, 13], "uv_size": [5, 0]},
								"up": {"uv": [20, 8], "uv_size": [2, 5]},
								"down": {"uv": [24, 8], "uv_size": [-2, 5]}
							}
						},
						{
							"origin": [-6.885, 2.88, -14.0254],
							"size": [1.82, 0.424, 5.44],
							"uv": {
								"north": {"uv": [20, 13], "uv_size": [1, 0]},
								"east": {"uv": [15, 13], "uv_size": [5, 0]},
								"south": {"uv": [26, 13], "uv_size": [1, 0]},
								"west": {"uv": [21, 13], "uv_size": [5, 0]},
								"up": {"uv": [20, 8], "uv_size": [1, 5]},
								"down": {"uv": [22, 8], "uv_size": [-1, 5]}
							}
						},
						{
							"origin": [6.70115, 2.312, -15.54851],
							"size": [2.56, 1.804, 6.92],
							"pivot": [6.395, 3.136, -11.7294],
							"rotation": [0, 22.5, 0],
							"uv": {
								"north": {"uv": [6, 33], "uv_size": [2, 1]},
								"east": {"uv": [0, 33], "uv_size": [6, 1]},
								"south": {"uv": [14, 33], "uv_size": [2, 1]},
								"west": {"uv": [8, 33], "uv_size": [6, 1]},
								"up": {"uv": [6, 27], "uv_size": [2, 6]},
								"down": {"uv": [10, 27], "uv_size": [-2, 6]}
							}
						},
						{
							"origin": [-9.27115, 2.312, -15.54851],
							"size": [2.56, 1.804, 6.92],
							"pivot": [-6.405, 3.136, -11.7294],
							"rotation": [0, -22.5, 0],
							"uv": {
								"north": {"uv": [32, 32], "uv_size": [2, 1]},
								"east": {"uv": [26, 32], "uv_size": [6, 1]},
								"south": {"uv": [40, 32], "uv_size": [2, 1]},
								"west": {"uv": [34, 32], "uv_size": [6, 1]},
								"up": {"uv": [32, 26], "uv_size": [2, 6]},
								"down": {"uv": [36, 26], "uv_size": [-2, 6]}
							}
						},
						{
							"origin": [-2.005, 2.25, -6.4594],
							"size": [4, 2.2, 4.2],
							"uv": {
								"north": {"uv": [16, 34], "uv_size": [4, 2]},
								"east": {"uv": [12, 34], "uv_size": [4, 2]},
								"south": {"uv": [24, 34], "uv_size": [4, 2]},
								"west": {"uv": [20, 34], "uv_size": [4, 2]},
								"up": {"uv": [16, 30], "uv_size": [4, 4]},
								"down": {"uv": [24, 30], "uv_size": [-4, 4]}
							}
						},
						{
							"origin": [-1.4, 1.85, -6.85],
							"size": [1, 1.8, 0.5],
							"pivot": [-0.9, 2.75, -6.6],
							"rotation": [0, 0, -15],
							"uv": {
								"north": {"uv": [0, 1], "uv_size": [1, 1]},
								"east": {"uv": [0, 1], "uv_size": [0, 1]},
								"south": {"uv": [1, 1], "uv_size": [1, 1]},
								"west": {"uv": [1, 1], "uv_size": [0, 1]},
								"up": {"uv": [0, 1], "uv_size": [1, 0]},
								"down": {"uv": [2, 1], "uv_size": [-1, 0]}
							}
						},
						{
							"origin": [0.4, 1.85, -6.85],
							"size": [1, 1.8, 0.5],
							"pivot": [0.9, 2.75, -6.6],
							"rotation": [0, 0, 15],
							"uv": {
								"north": {"uv": [0, 0], "uv_size": [1, 1]},
								"east": {"uv": [0, 0], "uv_size": [0, 1]},
								"south": {"uv": [1, 0], "uv_size": [1, 1]},
								"west": {"uv": [1, 0], "uv_size": [0, 1]},
								"up": {"uv": [0, 0], "uv_size": [1, 0]},
								"down": {"uv": [2, 0], "uv_size": [-1, 0]}
							}
						}
					]
				},
				{
					"name": "legs1to3",
					"parent": "body",
					"pivot": [0, 4.28335, -0.0094],
					"cubes": [
						{
							"origin": [3, 2, -4.0094],
							"size": [6, 2, 2],
							"pivot": [3.5, 3.5, -3.0094],
							"rotation": [0, 0, -22.5],
							"uv": {
								"north": {"uv": [44, 24], "uv_size": [6, 2]},
								"east": {"uv": [42, 24], "uv_size": [2, 2]},
								"south": {"uv": [52, 24], "uv_size": [6, 2]},
								"west": {"uv": [50, 24], "uv_size": [2, 2]},
								"up": {"uv": [44, 22], "uv_size": [6, 2]},
								"down": {"uv": [56, 22], "uv_size": [-6, 2]}
							}
						},
						{
							"origin": [-9, 2, -4.0094],
							"size": [6, 2, 2],
							"pivot": [-3.5, 3.5, -3.0094],
							"rotation": [0, 0, 22.5],
							"uv": {
								"north": {"uv": [34, 39], "uv_size": [6, 2]},
								"east": {"uv": [32, 39], "uv_size": [2, 2]},
								"south": {"uv": [42, 39], "uv_size": [6, 2]},
								"west": {"uv": [40, 39], "uv_size": [2, 2]},
								"up": {"uv": [34, 37], "uv_size": [6, 2]},
								"down": {"uv": [46, 37], "uv_size": [-6, 2]}
							}
						},
						{
							"origin": [3, 2, 1.9906],
							"size": [6, 2, 2],
							"pivot": [3.5, 3.5, 2.9906],
							"rotation": [0, 0, -22.5],
							"uv": {
								"north": {"uv": [32, 43], "uv_size": [6, 2]},
								"east": {"uv": [30, 43], "uv_size": [2, 2]},
								"south": {"uv": [40, 43], "uv_size": [6, 2]},
								"west": {"uv": [38, 43], "uv_size": [2, 2]},
								"up": {"uv": [32, 41], "uv_size": [6, 2]},
								"down": {"uv": [44, 41], "uv_size": [-6, 2]}
							}
						},
						{
							"origin": [-9, 2, 1.9906],
							"size": [6, 2, 2],
							"pivot": [-3.5, 3.5, 2.9906],
							"rotation": [0, 0, 22.5],
							"uv": {
								"north": {"uv": [2, 40], "uv_size": [6, 2]},
								"east": {"uv": [0, 40], "uv_size": [2, 2]},
								"south": {"uv": [10, 40], "uv_size": [6, 2]},
								"west": {"uv": [8, 40], "uv_size": [2, 2]},
								"up": {"uv": [2, 38], "uv_size": [6, 2]},
								"down": {"uv": [14, 38], "uv_size": [-6, 2]}
							}
						},
						{
							"origin": [-16.39, 5.0667, 2.1906],
							"size": [8, 1, 1.6],
							"pivot": [-8.39, 6.0667, 2.9906],
							"rotation": [0, 0, -45],
							"uv": {
								"north": {"uv": [1, 37], "uv_size": [8, 1]},
								"east": {"uv": [0, 37], "uv_size": [1, 1]},
								"south": {"uv": [10, 37], "uv_size": [8, 1]},
								"west": {"uv": [9, 37], "uv_size": [1, 1]},
								"up": {"uv": [1, 36], "uv_size": [8, 1]},
								"down": {"uv": [17, 36], "uv_size": [-8, 1]}
							}
						},
						{
							"origin": [8.39, 5.0667, 2.1906],
							"size": [8, 1, 1.6],
							"pivot": [8.39, 6.0667, 2.9906],
							"rotation": [0, 0, 45],
							"uv": {
								"north": {"uv": [32, 13], "uv_size": [8, 1]},
								"east": {"uv": [31, 13], "uv_size": [1, 1]},
								"south": {"uv": [41, 13], "uv_size": [8, 1]},
								"west": {"uv": [40, 13], "uv_size": [1, 1]},
								"up": {"uv": [32, 12], "uv_size": [8, 1]},
								"down": {"uv": [48, 12], "uv_size": [-8, 1]}
							}
						},
						{
							"origin": [-16.39, 5.0667, -3.8094],
							"size": [8, 1, 1.6],
							"pivot": [-8.39, 6.0667, 2.9906],
							"rotation": [0, 0, -45],
							"uv": {
								"north": {"uv": [28, 36], "uv_size": [8, 1]},
								"east": {"uv": [27, 36], "uv_size": [1, 1]},
								"south": {"uv": [37, 36], "uv_size": [8, 1]},
								"west": {"uv": [36, 36], "uv_size": [1, 1]},
								"up": {"uv": [28, 35], "uv_size": [8, 1]},
								"down": {"uv": [44, 35], "uv_size": [-8, 1]}
							}
						},
						{
							"origin": [8.39, 5.0667, -3.8094],
							"size": [8, 1, 1.6],
							"pivot": [8.39, 6.0667, 2.9906],
							"rotation": [0, 0, 45],
							"uv": {
								"north": {"uv": [29, 34], "uv_size": [8, 1]},
								"east": {"uv": [28, 34], "uv_size": [1, 1]},
								"south": {"uv": [38, 34], "uv_size": [8, 1]},
								"west": {"uv": [37, 34], "uv_size": [1, 1]},
								"up": {"uv": [29, 33], "uv_size": [8, 1]},
								"down": {"uv": [45, 33], "uv_size": [-8, 1]}
							}
						}
					]
				},
				{
					"name": "legs2to4",
					"parent": "body",
					"pivot": [0, 4.28335, 2.9906],
					"cubes": [
						{
							"origin": [8.39, 5.0667, -0.8094],
							"size": [8, 1, 1.6],
							"pivot": [8.39, 6.0667, 2.9906],
							"rotation": [0, 0, 45],
							"uv": {
								"north": {"uv": [32, 11], "uv_size": [8, 1]},
								"east": {"uv": [31, 11], "uv_size": [1, 1]},
								"south": {"uv": [41, 11], "uv_size": [8, 1]},
								"west": {"uv": [40, 11], "uv_size": [1, 1]},
								"up": {"uv": [32, 10], "uv_size": [8, 1]},
								"down": {"uv": [48, 10], "uv_size": [-8, 1]}
							}
						},
						{
							"origin": [8.39, 5.0667, 5.1906],
							"size": [8, 1, 1.6],
							"pivot": [8.39, 6.0667, 2.9906],
							"rotation": [0, 0, 45],
							"uv": {
								"north": {"uv": [32, 9], "uv_size": [8, 1]},
								"east": {"uv": [31, 9], "uv_size": [1, 1]},
								"south": {"uv": [41, 9], "uv_size": [8, 1]},
								"west": {"uv": [40, 9], "uv_size": [1, 1]},
								"up": {"uv": [32, 8], "uv_size": [8, 1]},
								"down": {"uv": [48, 8], "uv_size": [-8, 1]}
							}
						},
						{
							"origin": [-16.39, 5.0667, -0.8094],
							"size": [8, 1, 1.6],
							"pivot": [-8.39, 6.0667, 2.9906],
							"rotation": [0, 0, -45],
							"uv": {
								"north": {"uv": [11, 29], "uv_size": [8, 1]},
								"east": {"uv": [10, 29], "uv_size": [1, 1]},
								"south": {"uv": [20, 29], "uv_size": [8, 1]},
								"west": {"uv": [19, 29], "uv_size": [1, 1]},
								"up": {"uv": [11, 28], "uv_size": [8, 1]},
								"down": {"uv": [27, 28], "uv_size": [-8, 1]}
							}
						},
						{
							"origin": [-16.39, 5.0667, 5.1906],
							"size": [8, 1, 1.6],
							"pivot": [-8.39, 6.0667, 2.9906],
							"rotation": [0, 0, -45],
							"uv": {
								"north": {"uv": [25, 25], "uv_size": [8, 1]},
								"east": {"uv": [24, 25], "uv_size": [1, 1]},
								"south": {"uv": [34, 25], "uv_size": [8, 1]},
								"west": {"uv": [33, 25], "uv_size": [1, 1]},
								"up": {"uv": [25, 24], "uv_size": [8, 1]},
								"down": {"uv": [41, 24], "uv_size": [-8, 1]}
							}
						},
						{
							"origin": [3, 2, -1.0094],
							"size": [6, 2, 2],
							"pivot": [3.5, 3.5, -0.0094],
							"rotation": [0, 0, -22.5],
							"uv": {
								"north": {"uv": [44, 20], "uv_size": [6, 2]},
								"east": {"uv": [42, 20], "uv_size": [2, 2]},
								"south": {"uv": [52, 20], "uv_size": [6, 2]},
								"west": {"uv": [50, 20], "uv_size": [2, 2]},
								"up": {"uv": [44, 18], "uv_size": [6, 2]},
								"down": {"uv": [56, 18], "uv_size": [-6, 2]}
							}
						},
						{
							"origin": [-9, 2, -1.0094],
							"size": [6, 2, 2],
							"pivot": [-3.5, 3.5, -0.0094],
							"rotation": [0, 0, 22.5],
							"uv": {
								"north": {"uv": [38, 28], "uv_size": [6, 2]},
								"east": {"uv": [36, 28], "uv_size": [2, 2]},
								"south": {"uv": [46, 28], "uv_size": [6, 2]},
								"west": {"uv": [44, 28], "uv_size": [2, 2]},
								"up": {"uv": [38, 26], "uv_size": [6, 2]},
								"down": {"uv": [50, 26], "uv_size": [-6, 2]}
							}
						},
						{
							"origin": [3, 2, 4.9906],
							"size": [6, 2, 2],
							"pivot": [3.5, 3.5, 5.9906],
							"rotation": [0, 0, -22.5],
							"uv": {
								"north": {"uv": [16, 43], "uv_size": [6, 2]},
								"east": {"uv": [14, 43], "uv_size": [2, 2]},
								"south": {"uv": [24, 43], "uv_size": [6, 2]},
								"west": {"uv": [22, 43], "uv_size": [2, 2]},
								"up": {"uv": [16, 41], "uv_size": [6, 2]},
								"down": {"uv": [28, 41], "uv_size": [-6, 2]}
							}
						},
						{
							"origin": [-9, 2, 4.9906],
							"size": [6, 2, 2],
							"pivot": [-3.5, 3.5, 5.9906],
							"rotation": [0, 0, 22.5],
							"uv": {
								"north": {"uv": [18, 39], "uv_size": [6, 2]},
								"east": {"uv": [16, 39], "uv_size": [2, 2]},
								"south": {"uv": [26, 39], "uv_size": [6, 2]},
								"west": {"uv": [24, 39], "uv_size": [2, 2]},
								"up": {"uv": [18, 37], "uv_size": [6, 2]},
								"down": {"uv": [30, 37], "uv_size": [-6, 2]}
							}
						}
					]
				},
				{
					"name": "tail",
					"parent": "body",
					"pivot": [0, 3.3608, 8.26899],
					"cubes": [
						{
							"origin": [-3.005, 3, 6.9906],
							"size": [6, 3, 3],
							"pivot": [-0.005, 4.5, 9.4906],
							"rotation": [45, 0, 0],
							"uv": {
								"north": {"uv": [27, 21], "uv_size": [6, 3]},
								"east": {"uv": [24, 21], "uv_size": [3, 3]},
								"south": {"uv": [36, 21], "uv_size": [6, 3]},
								"west": {"uv": [33, 21], "uv_size": [3, 3]},
								"up": {"uv": [27, 18], "uv_size": [6, 3]},
								"down": {"uv": [39, 18], "uv_size": [-6, 3]}
							}
						},
						{
							"origin": [-2.005, 4.61086, 9.98277],
							"size": [4, 5, 3],
							"pivot": [-0.005, 9.6216, 10.02857],
							"rotation": [-22.5, 0, 0],
							"uv": {
								"north": {"uv": [3, 3], "uv_size": [4, 5]},
								"east": {"uv": [0, 3], "uv_size": [3, 5]},
								"south": {"uv": [10, 3], "uv_size": [4, 5]},
								"west": {"uv": [7, 3], "uv_size": [3, 5]},
								"up": {"uv": [3, 0], "uv_size": [4, 3]},
								"down": {"uv": [11, 0], "uv_size": [-4, 3]}
							}
						},
						{
							"origin": [-1.805, 7.61086, 8.98277],
							"size": [3.6, 5, 3],
							"pivot": [-0.005, 9.6216, 10.02857],
							"rotation": [22.5, 0, 0],
							"uv": {
								"north": {"uv": [34, 3], "uv_size": [3, 5]},
								"east": {"uv": [31, 3], "uv_size": [3, 5]},
								"south": {"uv": [40, 3], "uv_size": [3, 5]},
								"west": {"uv": [37, 3], "uv_size": [3, 5]},
								"up": {"uv": [34, 0], "uv_size": [3, 3]},
								"down": {"uv": [40, 0], "uv_size": [-3, 3]}
							}
						},
						{
							"origin": [-1.605, 11.61086, 10.08277],
							"size": [3.2, 6, 2.9],
							"pivot": [-0.005, 9.6216, 10.02857],
							"rotation": [45, 0, 0],
							"uv": {
								"north": {"uv": [2, 44], "uv_size": [3, 6]},
								"east": {"uv": [0, 44], "uv_size": [2, 6]},
								"south": {"uv": [7, 44], "uv_size": [3, 6]},
								"west": {"uv": [5, 44], "uv_size": [2, 6]},
								"up": {"uv": [2, 42], "uv_size": [3, 2]},
								"down": {"uv": [8, 42], "uv_size": [-3, 2]}
							}
						},
						{
							"origin": [-1.405, 12.44984, 3.98277],
							"size": [2.8, 4.2, 2.3],
							"pivot": [-0.005, 15, 3.9906],
							"rotation": [90, 0, 0],
							"uv": {
								"north": {"uv": [14, 20], "uv_size": [2, 4]},
								"east": {"uv": [12, 20], "uv_size": [2, 4]},
								"south": {"uv": [18, 20], "uv_size": [2, 4]},
								"west": {"uv": [16, 20], "uv_size": [2, 4]},
								"up": {"uv": [14, 18], "uv_size": [2, 2]},
								"down": {"uv": [18, 18], "uv_size": [-2, 2]}
							}
						},
						{
							"origin": [-0.005, 10.9608, -0.64042],
							"size": [0, 5, 5],
							"pivot": [-0.505, 14.5, 1.4906],
							"rotation": [14, 0, 0],
							"uv": {
								"north": {"uv": [5, 8], "uv_size": [0, 5]},
								"east": {"uv": [0, 8], "uv_size": [5, 5]},
								"south": {"uv": [10, 8], "uv_size": [0, 5]},
								"west": {"uv": [5, 8], "uv_size": [5, 5]},
								"up": {"uv": [5, 3], "uv_size": [0, 5]},
								"down": {"uv": [5, 3], "uv_size": [0, 5]}
							}
						}
					]
				}
			]
		}
	]
}