{
	"credit": "Made with Blockbench by Mutim_Endymion (AKA - Drew)",
	"texture_size": [32, 32],
	"textures": {
		"0": "statues/statue_creeper_rare",
		"2": "block/dark_oak_log_top",
		"particle": "statues/statue_particle"
	},
	"elements": [
		{
			"name": "baseplate",
			"from": [2, 0.5, 2],
			"to": [14, 1, 14],
			"rotation": {"angle": 0, "axis": "y", "origin": [3.5, 0.5, 3.5]},
			"faces": {
				"north": {"uv": [0, 0, 16, 1], "texture": "#2"},
				"east": {"uv": [0, 0, 16, 1], "texture": "#2"},
				"south": {"uv": [0, 15, 16, 16], "texture": "#2"},
				"west": {"uv": [0, 15, 16, 16], "texture": "#2"},
				"up": {"uv": [0, 0, 16, 16], "texture": "#2"},
				"down": {"uv": [0, 0, 16, 16], "texture": "#2"}
			}
		},
		{
			"name": "baseplate",
			"from": [1.5, 0, 1.5],
			"to": [14.5, 0.5, 14.5],
			"rotation": {"angle": 0, "axis": "y", "origin": [3.5, 0.5, 3.5]},
			"faces": {
				"north": {"uv": [0, 0, 16, 1], "texture": "#2"},
				"east": {"uv": [0, 0, 16, 1], "texture": "#2"},
				"south": {"uv": [0, 15, 16, 16], "texture": "#2"},
				"west": {"uv": [0, 15, 16, 16], "texture": "#2"},
				"up": {"uv": [0, 0, 16, 16], "texture": "#2"},
				"down": {"uv": [0, 0, 16, 16], "texture": "#2"}
			}
		},
		{
			"name": "leg4",
			"from": [4, 1, 3],
			"to": [8, 7, 7],
			"rotation": {"angle": 0, "axis": "y", "origin": [8, 8, 6]},
			"faces": {
				"north": {"uv": [1, 5, 2, 6.5], "texture": "#0"},
				"east": {"uv": [0, 5, 1, 6.5], "texture": "#0"},
				"south": {"uv": [3, 5, 4, 6.5], "texture": "#0"},
				"west": {"uv": [2, 5, 3, 6.5], "texture": "#0"},
				"up": {"uv": [1, 4, 2, 5], "texture": "#0"},
				"down": {"uv": [2, 4, 3, 5], "texture": "#0"}
			}
		},
		{
			"name": "leg1",
			"from": [8, 1, 9],
			"to": [12, 7, 13],
			"faces": {
				"north": {"uv": [1, 5, 2, 6.5], "texture": "#0"},
				"east": {"uv": [0, 5, 1, 6.5], "texture": "#0"},
				"south": {"uv": [3, 5, 4, 6.5], "texture": "#0"},
				"west": {"uv": [2, 5, 3, 6.5], "texture": "#0"},
				"up": {"uv": [1, 4, 2, 5], "texture": "#0"},
				"down": {"uv": [2, 4, 3, 5], "texture": "#0"}
			}
		},
		{
			"name": "leg2",
			"from": [4, 1, 9],
			"to": [8, 7, 13],
			"faces": {
				"north": {"uv": [1, 5, 2, 6.5], "texture": "#0"},
				"east": {"uv": [0, 5, 1, 6.5], "texture": "#0"},
				"south": {"uv": [3, 5, 4, 6.5], "texture": "#0"},
				"west": {"uv": [2, 5, 3, 6.5], "texture": "#0"},
				"up": {"uv": [1, 4, 2, 5], "texture": "#0"},
				"down": {"uv": [2, 4, 3, 5], "texture": "#0"}
			}
		},
		{
			"name": "leg3",
			"from": [8, 1, 3],
			"to": [12, 7, 7],
			"rotation": {"angle": 0, "axis": "y", "origin": [8, 8, 6]},
			"faces": {
				"north": {"uv": [1, 5, 2, 6.5], "texture": "#0"},
				"east": {"uv": [0, 5, 1, 6.5], "texture": "#0"},
				"south": {"uv": [3, 5, 4, 6.5], "texture": "#0"},
				"west": {"uv": [2, 5, 3, 6.5], "texture": "#0"},
				"up": {"uv": [1, 4, 2, 5], "texture": "#0"},
				"down": {"uv": [2, 4, 3, 5], "texture": "#0"}
			}
		},
		{
			"name": "body",
			"from": [4, 7, 6],
			"to": [12, 19, 10],
			"faces": {
				"north": {"uv": [4, 5, 6, 8], "texture": "#0"},
				"east": {"uv": [6, 5, 7, 8], "texture": "#0"},
				"south": {"uv": [7, 5, 9, 8], "texture": "#0"},
				"west": {"uv": [9, 5, 10, 8], "texture": "#0"},
				"up": {"uv": [5, 5.25, 5.25, 5.5], "texture": "#0"},
				"down": {"uv": [5, 5.25, 5.25, 5.5], "texture": "#0"}
			}
		},
		{
			"name": "head",
			"from": [4, 19, 4],
			"to": [12, 27, 12],
			"faces": {
				"north": {"uv": [2, 2, 4, 4], "texture": "#0"},
				"east": {"uv": [0, 2, 2, 4], "texture": "#0"},
				"south": {"uv": [6, 2, 8, 4], "texture": "#0"},
				"west": {"uv": [4, 2, 6, 4], "texture": "#0"},
				"up": {"uv": [2, 0, 4, 2], "texture": "#0"},
				"down": {"uv": [4, 0, 6, 2], "texture": "#0"}
			}
		}
	],
	"display": {
		"thirdperson_righthand": {
			"rotation": [35, 25, 10],
			"translation": [1.25, 0, 0],
			"scale": [0.7, 0.7, 0.7]
		},
		"thirdperson_lefthand": {
			"rotation": [35, 25, 10],
			"translation": [1.25, 0, 0],
			"scale": [0.7, 0.7, 0.7]
		},
		"firstperson_righthand": {
			"rotation": [0, 100, 0],
			"scale": [0.7, 0.7, 0.7]
		},
		"firstperson_lefthand": {
			"rotation": [0, 100, 0],
			"scale": [0.7, 0.7, 0.7]
		},
		"ground": {
			"rotation": [5, -150, -15],
			"translation": [1.25, 2, 4],
			"scale": [0.4, 0.4, 0.4]
		},
		"gui": {
			"rotation": [-10, -155, 0],
			"translation": [0, -2.5, -1.75],
			"scale": [0.5, 0.5, 0.5]
		},
		"head": {
			"translation": [0, -35.15, 0]
		},
		"fixed": {
			"translation": [0, -4, -5.75],
			"scale": [0.9, 0.9, 0.9]
		}
	},
	"groups": [
		{
			"name": "baseplate",
			"origin": [3.5, 0.5, 3.5],
			"children": [0, 1]
		},
		{
			"name": "legs",
			"origin": [8, 8, 8],
			"children": [2, 3, 4, 5]
		},
		{
			"name": "body",
			"origin": [8, 8, 8],
			"children": [6]
		},
		{
			"name": "head",
			"origin": [8, 8, 8],
			"children": [7]
		}
	]
}