{
	"parent": "item/handheld",
	"textures": {
		"layer0": "item/custom/machines/grapple"
	},
	"display": {
        "gui": {
            "rotation": [ 0, 0, 0 ],
            "translation": [ 0, 0, 0 ],
            "scale": [ 1, 1, 1 ]
        },
        "ground": {
            "rotation": [ 0, 0, 0 ],
            "translation": [ 0, 1, 0 ],
            "scale": [ 1, 1, 1 ]
        },
        "fixed": {
            "rotation": [ 0, 180, 0 ],
            "translation": [ 0, 0, 0 ],
            "scale": [ 1, 1, 1 ]
        },
        "head": {
            "rotation": [ 90, 45, 270 ],
            "translation": [ 2, -8, 2 ],
            "scale": [ 1.3, 1.3, 1.3 ]
        },
        "firstperson_righthand": {
            "rotation": [ -35, 90, 0 ],
            "translation": [ 0, 2, 0 ],
            "scale": [ 1, 1, 1 ]
        },
        "thirdperson_righthand": {
            "rotation": [ -45, 90, 0 ],
            "translation": [ 0, 4, 0 ],
            "scale": [ 1, 1, 1 ]
        }
    }
}
