{
	"credit": "Made with Blockbench",
	"elements": [
		{
			"from": [5, 5, 5],
			"to": [11, 14, 11],
			"rotation": {"angle": -22.5, "axis": "x", "origin": [8, 8, 8]},
			"color": 6,
			"faces": {
				"north": {"uv": [0, 0, 6, 9], "texture": "#missing"},
				"east": {"uv": [0, 0, 6, 9], "texture": "#missing"},
				"south": {"uv": [0, 0, 6, 9], "texture": "#missing"},
				"west": {"uv": [0, 0, 6, 9], "texture": "#missing"},
				"up": {"uv": [0, 0, 6, 6], "texture": "#missing"},
				"down": {"uv": [0, 0, 6, 6], "texture": "#missing"}
			}
		},
		{
			"from": [6, 4.87868, 7.87868],
			"to": [10, 8.87868, 13.87868],
			"rotation": {"angle": 45, "axis": "x", "origin": [8, 8, 8]},
			"color": 6,
			"faces": {
				"north": {"uv": [0, 0, 4, 4], "rotation": 180, "texture": "#missing"},
				"east": {"uv": [0, 0, 4, 6], "rotation": 90, "texture": "#missing"},
				"south": {"uv": [0, 0, 4, 4], "texture": "#missing"},
				"west": {"uv": [0, 0, 4, 6], "rotation": 270, "texture": "#missing"},
				"up": {"uv": [0, 0, 4, 6], "texture": "#missing"},
				"down": {"uv": [0, 0, 4, 6], "rotation": 180, "texture": "#missing"}
			}
		},
		{
			"from": [6, 8.41421, -0.72792],
			"to": [10, 12.41421, 4.27208],
			"rotation": {"angle": 45, "axis": "x", "origin": [8, 8, 8]},
			"color": 6,
			"faces": {
				"north": {"uv": [0, 0, 4, 4], "rotation": 180, "texture": "#missing"},
				"east": {"uv": [0, 0, 4, 5], "rotation": 90, "texture": "#missing"},
				"south": {"uv": [0, 0, 4, 4], "texture": "#missing"},
				"west": {"uv": [0, 0, 4, 5], "rotation": 270, "texture": "#missing"},
				"up": {"uv": [0, 0, 4, 5], "texture": "#missing"},
				"down": {"uv": [0, 0, 4, 5], "rotation": 180, "texture": "#missing"}
			}
		},
		{
			"from": [6, 11.41002, -2.96429],
			"to": [10, 15.38002, 1.63571],
			"rotation": {"angle": 22.5, "axis": "x", "origin": [8, 8, 8]},
			"color": 6,
			"faces": {
				"north": {"uv": [0, 0, 4, 3.97], "rotation": 180, "texture": "#missing"},
				"east": {"uv": [0, 0, 3.97, 4.6], "rotation": 90, "texture": "#missing"},
				"south": {"uv": [0, 0, 4, 3.97], "texture": "#missing"},
				"west": {"uv": [0, 0, 3.97, 4.6], "rotation": 270, "texture": "#missing"},
				"up": {"uv": [0, 0, 4, 4.6], "texture": "#missing"},
				"down": {"uv": [0, 0, 4, 4.6], "rotation": 180, "texture": "#missing"}
			}
		},
		{
			"from": [7, 3.79995, 12.15393],
			"to": [9, 5.79995, 15.15393],
			"rotation": {"angle": 22.5, "axis": "x", "origin": [8, 8, 8]},
			"color": 6,
			"faces": {
				"north": {"uv": [0, 0, 2, 2], "rotation": 180, "texture": "#missing"},
				"east": {"uv": [0, 0, 2, 3], "rotation": 90, "texture": "#missing"},
				"south": {"uv": [0, 0, 2, 2], "texture": "#missing"},
				"west": {"uv": [0, 0, 2, 3], "rotation": 270, "texture": "#missing"},
				"up": {"uv": [0, 0, 2, 3], "texture": "#missing"},
				"down": {"uv": [0, 0, 2, 3], "rotation": 180, "texture": "#missing"}
			}
		}
	],
	"display": {
		"head": {
			"translation": [0, -69.5, 11],
			"scale": [1.3, 1.3, 1.3]
		}
	}
}