{
	"__comment": "Designed by Mutim_Endymion with Cubik Studio - https://cubik.studio",
	"textures": {
		"particle": "block/e_particle",
		"base": "block/polished_diorite",
		"obsidian": "block/obsidian",
		"quartz_top": "block/quartz_pillar_top",
		"quartz_side": "block/quartz_pillar",
		"small_arc": "block/gray_wool",
		"big_arc": "block/smooth_stone"
	},
	"elements": [ 	 
		{
			"__comment": "base_1",
			"from": [ 0, 0, 0 ],
			"to": [ 16, 4, 16 ],
			"faces": {
				"down": { "uv": [ 0, 0, 16, 16 ], "texture": "#base" },
				"up": { "uv": [ 0, 0, 16, 16 ], "texture": "#base" },
				"north": { "uv": [ 0, 12, 16, 16 ], "texture": "#base" },
				"south": { "uv": [ 0, 12, 16, 16 ], "texture": "#base" },
				"west": { "uv": [ 0, 12, 16, 16 ], "texture": "#base" },
				"east": { "uv": [ 0, 12, 16, 16 ], "texture": "#base" }
			}
		},
		{
			"__comment": "center",
			"from": [ 1, 4, 1 ],
			"to": [ 15, 5.5, 15 ],
			"faces": {
				"down": { "uv": [ 1, 1, 15, 15 ], "texture": "#obsidian" },
				"up": { "uv": [ 1, 1, 15, 15 ], "texture": "#obsidian" },
				"north": { "uv": [ 1, 11, 15, 13 ], "texture": "#obsidian" },
				"south": { "uv": [ 0, 11, 14, 13 ], "texture": "#obsidian" },
				"west": { "uv": [ 1, 10, 15, 12 ], "texture": "#obsidian" },
				"east": { "uv": [ 1, 10, 15, 12 ], "texture": "#obsidian" }
			}
		},
		{
			"__comment": "base_2",
			"from": [ -3, 0.5, 8 ],
			"to": [ 13, 3.5, 24 ],
			"rotation": { "origin": [ -3, 0.5, 8 ], "axis": "y", "angle": 45 },
			"faces": {
				"down": { "uv": [ 0, 0, 16, 16 ], "texture": "#base" },
				"up": { "uv": [ 0, 0, 16, 16 ], "texture": "#base" },
				"north": { "uv": [ 0, 12.5, 16, 15.5 ], "texture": "#base" },
				"south": { "uv": [ 0, 12.5, 16, 15.5 ], "texture": "#base" },
				"west": { "uv": [ 0, 12.5, 16, 15.5 ], "texture": "#base" },
				"east": { "uv": [ 0, 12.5, 16, 15.5 ], "texture": "#base" }
			}
		},
		{
			"__comment": "pedestal_base",
			"from": [ 0, 5.5, 0 ],
			"to": [ 16, 10.5, 16 ],
			"faces": {
				"down": { "uv": [ 0, 0, 16, 16 ], "texture": "#quartz_top" },
				"up": { "uv": [ 0, 0, 16, 16 ], "texture": "#quartz_top" },
				"north": { "uv": [ 0, 5.5, 16, 10.5 ], "texture": "#quartz_side" },
				"south": { "uv": [ 0, 5.5, 16, 10.5 ], "texture": "#quartz_side" },
				"west": { "uv": [ 0, 5.5, 16, 10.5 ], "texture": "#quartz_side" },
				"east": { "uv": [ 0, 5.5, 16, 10.5 ], "texture": "#quartz_side" }
			}
		},
		{
			"__comment": "arc1",
			"from": [ 0, 9, 6 ],
			"to": [ 2, 14, 10 ],
			"rotation": { "origin": [ 0, 9, 6 ], "axis": "z", "angle": 45 },
			"faces": {
				"down": { "uv": [ 14, 6, 16, 10 ], "texture": "#big_arc" },
				"up": { "uv": [ 14, 6, 16, 10 ], "texture": "#big_arc" },
				"north": { "uv": [ 0, 1.5, 2, 6.5 ], "texture": "#big_arc" },
				"south": { "uv": [ 14, 1.5, 16, 6.5 ], "texture": "#big_arc" },
				"west": { "uv": [ 6, 1.5, 10, 6.5 ], "texture": "#big_arc" },
				"east": { "uv": [ 6, 1.5, 10, 6.5 ], "texture": "#big_arc" }
			}
		},
		{
			"__comment": "arc2",
			"from": [ -3.5, 12.5, 6.25 ],
			"to": [ -2, 17.5, 9.75 ],
			"rotation": { "origin": [ -3.5, 12.5, 6.25 ], "axis": "z", "angle": 22.5 },
			"faces": {
				"down": { "uv": [ 10.5, 6, 12.5, 10 ], "texture": "#small_arc" },
				"up": { "uv": [ 10.5, 6, 12.5, 10 ], "texture": "#small_arc" },
				"north": { "uv": [ 3.5, 0, 5.5, 4 ], "texture": "#small_arc" },
				"south": { "uv": [ 10.5, 0, 12.5, 4 ], "texture": "#small_arc" },
				"west": { "uv": [ 6, 0, 10, 4 ], "texture": "#small_arc" },
				"east": { "uv": [ 6, 0, 10, 4 ], "texture": "#small_arc" }
			}
		},
		{
			"__comment": "arc3",
			"from": [ -5.5, 17, 6 ],
			"to": [ -3.5, 22, 10 ],
			"faces": {
				"down": { "uv": [ 10.5, 6, 12.5, 10 ], "texture": "#big_arc" },
				"up": { "uv": [ 10.5, 6, 12.5, 10 ], "texture": "#big_arc" },
				"north": { "uv": [ 3.5, 10, 5.5, 15 ], "texture": "#big_arc" },
				"south": { "uv": [ 10.5, 10, 12.5, 15 ], "texture": "#big_arc" },
				"west": { "uv": [ 6, 10, 10, 15 ], "texture": "#big_arc" },
				"east": { "uv": [ 6, 10, 10, 15 ], "texture": "#big_arc" }
			}
		},
		{
			"__comment": "arc4",
			"from": [ -5.5, 22, 6.25 ],
			"to": [ -3.75, 27, 9.75 ],
			"rotation": { "origin": [ -5.5, 22, 6.25 ], "axis": "z", "angle": -22.5 },
			"faces": {
				"down": { "uv": [ 10, 6, 12, 10 ], "texture": "#small_arc" },
				"up": { "uv": [ 10, 6, 12, 10 ], "texture": "#small_arc" },
				"north": { "uv": [ 4, 5.5, 6, 10.5 ], "texture": "#small_arc" },
				"south": { "uv": [ 10, 5.5, 12, 10.5 ], "texture": "#small_arc" },
				"west": { "uv": [ 6, 5.5, 10, 10.5 ], "texture": "#small_arc" },
				"east": { "uv": [ 6, 5.5, 10, 10.5 ], "texture": "#small_arc" }
			}
		},
		{
			"__comment": "arc5",
			"from": [ -3.75, 26.5, 6 ],
			"to": [ -1.75, 31.5, 10 ],
			"rotation": { "origin": [ -3.75, 26.5, 6 ], "axis": "z", "angle": -45 },
			"faces": {
				"down": { "uv": [ 12, 5, 14, 9 ], "texture": "#base" },
				"up": { "uv": [ 12, 7, 14, 11 ], "texture": "#base" },
				"north": { "uv": [ 2, 2.25, 4, 7.25 ], "texture": "#base" },
				"south": { "uv": [ 12, 2.25, 14, 7.25 ], "texture": "#base" },
				"west": { "uv": [ 7, 2.25, 11, 7.25 ], "texture": "#base" },
				"east": { "uv": [ 5, 2.25, 9, 7.25 ], "texture": "#base" }
			}
		},
		{
			"__comment": "arc6",
			"from": [ -0.5732, 28.1768, 6.25 ],
			"to": [ 4.4268, 29.6768, 9.75 ],
			"rotation": { "origin": [ -0.75, 29.75, 6.25 ], "axis": "z", "angle": 22.5 },
			"faces": {
				"down": { "uv": [ 5, 7.75, 9, 12.75 ], "texture": "#small_arc", "rotation": 90 },
				"up": { "uv": [ 11, 12.75, 7, 7.75 ], "texture": "#small_arc", "rotation": 270 },
				"north": { "uv": [ 16, 12.75, 14.75, 7.75 ], "texture": "#small_arc", "rotation": 90 },
				"south": { "uv": [ 1.25, 12.75, 0, 7.75 ], "texture": "#small_arc", "rotation": 270 },
				"west": { "uv": [ 1.25, 9, 0, 5 ], "texture": "#small_arc", "rotation": 270 },
				"east": { "uv": [ 0, 7, 1.25, 11 ], "texture": "#small_arc", "rotation": 90 }
			}
		},
		{
			"__comment": "arc1",
			"from": [ 14.75, 10.5, 6 ],
			"to": [ 16.75, 15.5, 10 ],
			"rotation": { "origin": [ 14.75, 10.5, 6 ], "axis": "z", "angle": -45 },
			"faces": {
				"down": { "uv": [ 14, 6, 16, 10 ], "texture": "#big_arc" },
				"up": { "uv": [ 14, 6, 16, 10 ], "texture": "#big_arc" },
				"north": { "uv": [ 0, 1.5, 2, 6.5 ], "texture": "#big_arc" },
				"south": { "uv": [ 14, 1.5, 16, 6.5 ], "texture": "#big_arc" },
				"west": { "uv": [ 6, 1.5, 10, 6.5 ], "texture": "#big_arc" },
				"east": { "uv": [ 6, 1.5, 10, 6.5 ], "texture": "#big_arc" }
			}
		},
		{
			"__comment": "arc2",
			"from": [ 18.25, 13.25, 6.25 ],
			"to": [ 19.75, 18.25, 9.75 ],
			"rotation": { "origin": [ 18.25, 13.25, 6.25 ], "axis": "z", "angle": -22.5 },
			"faces": {
				"down": { "uv": [ 10.5, 6, 12.5, 10 ], "texture": "#small_arc" },
				"up": { "uv": [ 10.5, 6, 12.5, 10 ], "texture": "#small_arc" },
				"north": { "uv": [ 3.5, 0, 5.5, 4 ], "texture": "#small_arc" },
				"south": { "uv": [ 10.5, 0, 12.5, 4 ], "texture": "#small_arc" },
				"west": { "uv": [ 6, 0, 10, 4 ], "texture": "#small_arc" },
				"east": { "uv": [ 6, 0, 10, 4 ], "texture": "#small_arc" }
			}
		},
		{
			"__comment": "arc3",
			"from": [ 19.75, 17, 6 ],
			"to": [ 21.75, 22, 10 ],
			"faces": {
				"down": { "uv": [ 10.5, 6, 12.5, 10 ], "texture": "#big_arc" },
				"up": { "uv": [ 10.5, 6, 12.5, 10 ], "texture": "#big_arc" },
				"north": { "uv": [ 3.5, 10, 5.5, 15 ], "texture": "#big_arc" },
				"south": { "uv": [ 10.5, 10, 12.5, 15 ], "texture": "#big_arc" },
				"west": { "uv": [ 6, 10, 10, 15 ], "texture": "#big_arc" },
				"east": { "uv": [ 6, 10, 10, 15 ], "texture": "#big_arc" }
			}
		},
		{
			"__comment": "arc4",
			"from": [ 20, 21.25, 6.25 ],
			"to": [ 21.75, 26.25, 9.75 ],
			"rotation": { "origin": [ 20, 21.25, 6.25 ], "axis": "z", "angle": 22.5 },
			"faces": {
				"down": { "uv": [ 10, 6, 12, 10 ], "texture": "#small_arc" },
				"up": { "uv": [ 10, 6, 12, 10 ], "texture": "#small_arc" },
				"north": { "uv": [ 4, 5.5, 6, 10.5 ], "texture": "#small_arc" },
				"south": { "uv": [ 10, 5.5, 12, 10.5 ], "texture": "#small_arc" },
				"west": { "uv": [ 6, 5.5, 10, 10.5 ], "texture": "#small_arc" },
				"east": { "uv": [ 6, 5.5, 10, 10.5 ], "texture": "#small_arc" }
			}
		},
		{
			"__comment": "arc5",
			"from": [ -3.75, 26.5, 6 ],
			"to": [ -1.75, 31.5, 10 ],
			"rotation": { "origin": [ -3.75, 26.5, 6 ], "axis": "z", "angle": -45 },
			"faces": {
				"down": { "uv": [ 12, 5, 14, 9 ], "texture": "#big_arc" },
				"up": { "uv": [ 12, 7, 14, 11 ], "texture": "#big_arc" },
				"north": { "uv": [ 2, 2.25, 4, 7.25 ], "texture": "#big_arc" },
				"south": { "uv": [ 12, 2.25, 14, 7.25 ], "texture": "#big_arc" },
				"west": { "uv": [ 7, 2.25, 11, 7.25 ], "texture": "#big_arc" },
				"east": { "uv": [ 5, 2.25, 9, 7.25 ], "texture": "#big_arc" }
			}
		},
		{
			"__comment": "arc5",
			"from": [ 18.5, 25, 6 ],
			"to": [ 20.5, 30, 10 ],
			"rotation": { "origin": [ 18.5, 25, 6 ], "axis": "z", "angle": 45 },
			"faces": {
				"down": { "uv": [ 12, 5, 14, 9 ], "texture": "#big_arc" },
				"up": { "uv": [ 12, 7, 14, 11 ], "texture": "#big_arc" },
				"north": { "uv": [ 2, 2.25, 4, 7.25 ], "texture": "#big_arc" },
				"south": { "uv": [ 12, 2.25, 14, 7.25 ], "texture": "#big_arc" },
				"west": { "uv": [ 7, 2.25, 11, 7.25 ], "texture": "#big_arc" },
				"east": { "uv": [ 5, 2.25, 9, 7.25 ], "texture": "#big_arc" }
			}
		},
		{
			"__comment": "arc6",
			"from": [ 10.8232, 28.3232, 6.25 ],
			"to": [ 15.8232, 29.8232, 9.75 ],
			"rotation": { "origin": [ 16, 28.25, 6.25 ], "axis": "z", "angle": -22.5 },
			"faces": {
				"down": { "uv": [ 11, 12.75, 7, 7.75 ], "texture": "#small_arc", "rotation": 90 },
				"up": { "uv": [ 5, 7.75, 9, 12.75 ], "texture": "#small_arc", "rotation": 270 },
				"north": { "uv": [ 14.75, 7.75, 16, 12.75 ], "texture": "#small_arc", "rotation": 90 },
				"south": { "uv": [ 0, 7.75, 1.25, 12.75 ], "texture": "#small_arc", "rotation": 270 },
				"west": { "uv": [ 0, 7, 1.25, 11 ], "texture": "#small_arc", "rotation": 270 },
				"east": { "uv": [ 1.25, 9, 0, 5 ], "texture": "#small_arc", "rotation": 90 }
			}
		}
	],
	"display": {
		"thirdperson_righthand": {
			"rotation":  [ 16, 21, 11 ],
			"translation":  [ 0, 2, 2 ],
			"scale":  [ 0.3, 0.3, 0.3 ]
		},
		"thirdperson_lefthand": {
			"rotation":  [ 16, 21, 11 ],
			"translation":  [ 0, 2, 2 ],
			"scale":  [ 0.3, 0.3, 0.3 ]
		},
		"firstperson_righthand": {
			"translation":  [ 1, 3, 0 ],
			"scale":  [ 0.3, 0.3, 0.3 ]
		},
		"firstperson_lefthand": {
			"translation":  [ 1, 3, 0 ],
			"scale":  [ 0.3, 0.3, 0.3 ]
		},
		"gui": {
			"rotation":  [ 13, 18, 0 ],
			"translation":  [ 0, -3, 0 ],
			"scale":  [ 0.5, 0.5, 0.8 ]
		},
		"head": {
			"translation":  [ 0, -16.20, 0 ],
			"scale":  [ 1.8, 1.8, 1.8 ]
		},
		"ground": {
			"rotation":  [ 0, 0, 14 ],
			"translation":  [ 0, 4, 0 ],
			"scale":  [ 0.5, 0.5, 0.5 ]
		},
		"fixed": {
			"translation":  [ 0, 2, -3 ]
		}
	}
}