{
	"credit": "Made with Blockbench",
	"elements": [
		{
			"from": [15.00627, -0.00419, 7.675],
			"to": [17.00627, 8.99581, 8.2],
			"rotation": {"angle": -22.5, "axis": "z", "origin": [8, 8, 8]},
			"color": 7,
			"faces": {
				"north": {"uv": [0, 0, 2, 9], "texture": "#missing"},
				"east": {"uv": [0, 0, 0.525, 9], "texture": "#missing"},
				"south": {"uv": [0, 0, 2, 9], "texture": "#missing"},
				"west": {"uv": [0, 0, 0.525, 9], "texture": "#missing"},
				"up": {"uv": [0, 0, 2, 0.525], "texture": "#missing"},
				"down": {"uv": [0, 0, 2, 0.525], "texture": "#missing"}
			}
		},
		{
			"from": [14.50627, -0.00419, 7.675],
			"to": [17.50627, 6.99581, 8.2],
			"rotation": {"angle": -22.5, "axis": "z", "origin": [8, 8, 8]},
			"color": 7,
			"faces": {
				"north": {"uv": [0, 0, 3, 7], "texture": "#missing"},
				"east": {"uv": [0, 0, 0.525, 7], "texture": "#missing"},
				"south": {"uv": [0, 0, 3, 7], "texture": "#missing"},
				"west": {"uv": [0, 0, 0.525, 7], "texture": "#missing"},
				"up": {"uv": [0, 0, 3, 0.525], "texture": "#missing"},
				"down": {"uv": [0, 0, 3, 0.525], "texture": "#missing"}
			}
		},
		{
			"from": [-1.00627, -0.00419, 7.675],
			"to": [0.99373, 8.99581, 8.2],
			"rotation": {"angle": 22.5, "axis": "z", "origin": [8, 8, 8]},
			"color": 7,
			"faces": {
				"north": {"uv": [0, 0, 2, 9], "texture": "#missing"},
				"east": {"uv": [0, 0, 0.525, 9], "texture": "#missing"},
				"south": {"uv": [0, 0, 2, 9], "texture": "#missing"},
				"west": {"uv": [0, 0, 0.525, 9], "texture": "#missing"},
				"up": {"uv": [0, 0, 2, 0.525], "texture": "#missing"},
				"down": {"uv": [0, 0, 2, 0.525], "texture": "#missing"}
			}
		},
		{
			"from": [-1.50627, -0.00419, 7.675],
			"to": [1.49373, 6.99581, 8.2],
			"rotation": {"angle": 22.5, "axis": "z", "origin": [8, 8, 8]},
			"color": 7,
			"faces": {
				"north": {"uv": [0, 0, 3, 7], "texture": "#missing"},
				"east": {"uv": [0, 0, 0.525, 7], "texture": "#missing"},
				"south": {"uv": [0, 0, 3, 7], "texture": "#missing"},
				"west": {"uv": [0, 0, 0.525, 7], "texture": "#missing"},
				"up": {"uv": [0, 0, 3, 0.525], "texture": "#missing"},
				"down": {"uv": [0, 0, 3, 0.525], "texture": "#missing"}
			}
		},
		{
			"from": [14.00627, -0.00419, 7],
			"to": [15.00627, 7.02081, 8],
			"rotation": {"angle": -22.5, "axis": "z", "origin": [8, 8, 8]},
			"color": 3,
			"faces": {
				"north": {"uv": [0, 0, 1, 7.025], "texture": "#missing"},
				"east": {"uv": [0, 0, 1, 7.025], "texture": "#missing"},
				"south": {"uv": [0, 0, 1, 7.025], "texture": "#missing"},
				"west": {"uv": [0, 0, 1, 7.025], "texture": "#missing"},
				"up": {"uv": [0, 0, 1, 1], "texture": "#missing"},
				"down": {"uv": [0, 0, 1, 1], "texture": "#missing"}
			}
		},
		{
			"from": [-2.00627, -0.00419, 7],
			"to": [-1.00627, 7.02081, 8],
			"rotation": {"angle": 22.5, "axis": "z", "origin": [8, 8, 8]},
			"color": 3,
			"faces": {
				"north": {"uv": [0, 0, 1, 7.025], "texture": "#missing"},
				"east": {"uv": [0, 0, 1, 7.025], "texture": "#missing"},
				"south": {"uv": [0, 0, 1, 7.025], "texture": "#missing"},
				"west": {"uv": [0, 0, 1, 7.025], "texture": "#missing"},
				"up": {"uv": [0, 0, 1, 1], "texture": "#missing"},
				"down": {"uv": [0, 0, 1, 1], "texture": "#missing"}
			}
		},
		{
			"from": [17.00627, -0.00419, 7],
			"to": [18.00627, 6.77081, 8],
			"rotation": {"angle": -22.5, "axis": "z", "origin": [8, 8, 8]},
			"color": 3,
			"faces": {
				"north": {"uv": [0, 0, 1, 6.775], "texture": "#missing"},
				"east": {"uv": [0, 0, 1, 6.775], "texture": "#missing"},
				"south": {"uv": [0, 0, 1, 6.775], "texture": "#missing"},
				"west": {"uv": [0, 0, 1, 6.775], "texture": "#missing"},
				"up": {"uv": [0, 0, 1, 1], "texture": "#missing"},
				"down": {"uv": [0, 0, 1, 1], "texture": "#missing"}
			}
		},
		{
			"from": [0.99373, -0.00419, 7],
			"to": [1.99373, 6.77081, 8],
			"rotation": {"angle": 22.5, "axis": "z", "origin": [8, 8, 8]},
			"color": 3,
			"faces": {
				"north": {"uv": [0, 0, 1, 6.775], "texture": "#missing"},
				"east": {"uv": [0, 0, 1, 6.775], "texture": "#missing"},
				"south": {"uv": [0, 0, 1, 6.775], "texture": "#missing"},
				"west": {"uv": [0, 0, 1, 6.775], "texture": "#missing"},
				"up": {"uv": [0, 0, 1, 1], "texture": "#missing"},
				"down": {"uv": [0, 0, 1, 1], "texture": "#missing"}
			}
		},
		{
			"from": [15.77477, 3.05405, 7],
			"to": [16.77477, 5.40405, 8],
			"color": 3,
			"faces": {
				"north": {"uv": [0, 0, 1, 2.35], "texture": "#missing"},
				"east": {"uv": [0, 0, 1, 2.35], "texture": "#missing"},
				"south": {"uv": [0, 0, 1, 2.35], "texture": "#missing"},
				"west": {"uv": [0, 0, 1, 2.35], "texture": "#missing"},
				"up": {"uv": [0, 0, 1, 1], "texture": "#missing"},
				"down": {"uv": [0, 0, 1, 1], "texture": "#missing"}
			}
		},
		{
			"from": [0.98111, 9.18178, 7],
			"to": [1.98111, 11.53178, 8],
			"rotation": {"angle": 45, "axis": "z", "origin": [8, 8, 8]},
			"color": 3,
			"faces": {
				"north": {"uv": [0, 0, 1, 2.35], "texture": "#missing"},
				"east": {"uv": [0, 0, 1, 2.35], "texture": "#missing"},
				"south": {"uv": [0, 0, 1, 2.35], "texture": "#missing"},
				"west": {"uv": [0, 0, 1, 2.35], "texture": "#missing"},
				"up": {"uv": [0, 0, 1, 1], "texture": "#missing"},
				"down": {"uv": [0, 0, 1, 1], "texture": "#missing"}
			}
		},
		{
			"from": [13.93702, 9.3596, 7],
			"to": [14.93702, 11.5346, 8],
			"rotation": {"angle": -45, "axis": "z", "origin": [8, 8, 8]},
			"color": 3,
			"faces": {
				"north": {"uv": [0, 0, 1, 2.175], "texture": "#missing"},
				"east": {"uv": [0, 0, 1, 2.175], "texture": "#missing"},
				"south": {"uv": [0, 0, 1, 2.175], "texture": "#missing"},
				"west": {"uv": [0, 0, 1, 2.175], "texture": "#missing"},
				"up": {"uv": [0, 0, 1, 1], "texture": "#missing"},
				"down": {"uv": [0, 0, 1, 1], "texture": "#missing"}
			}
		},
		{
			"from": [-0.85664, 3.23186, 7],
			"to": [0.14336, 5.40686, 8],
			"color": 3,
			"faces": {
				"north": {"uv": [0, 0, 1, 2.175], "texture": "#missing"},
				"east": {"uv": [0, 0, 1, 2.175], "texture": "#missing"},
				"south": {"uv": [0, 0, 1, 2.175], "texture": "#missing"},
				"west": {"uv": [0, 0, 1, 2.175], "texture": "#missing"},
				"up": {"uv": [0, 0, 1, 1], "texture": "#missing"},
				"down": {"uv": [0, 0, 1, 1], "texture": "#missing"}
			}
		},
		{
			"from": [13.50302, 2.86264, 7],
			"to": [14.80302, 3.86264, 8],
			"rotation": {"angle": 22.5, "axis": "z", "origin": [8, 8, 8]},
			"color": 3,
			"faces": {
				"north": {"uv": [0, 0, 1, 1.3], "rotation": 270, "texture": "#missing"},
				"east": {"uv": [0, 0, 1, 1], "rotation": 90, "texture": "#missing"},
				"south": {"uv": [0, 0, 1, 1.3], "rotation": 90, "texture": "#missing"},
				"west": {"uv": [0, 0, 1, 1], "rotation": 90, "texture": "#missing"},
				"up": {"uv": [0, 0, 1, 1.3], "rotation": 90, "texture": "#missing"},
				"down": {"uv": [0, 0, 1, 1.3], "rotation": 90, "texture": "#missing"}
			}
		},
		{
			"from": [0.81478, 2.18045, 7],
			"to": [1.81478, 3.48045, 8],
			"rotation": {"angle": -22.5, "axis": "z", "origin": [8, 8, 8]},
			"color": 3,
			"faces": {
				"north": {"uv": [0, 0, 1, 1.3], "texture": "#missing"},
				"east": {"uv": [0, 0, 1, 1.3], "texture": "#missing"},
				"south": {"uv": [0, 0, 1, 1.3], "texture": "#missing"},
				"west": {"uv": [0, 0, 1, 1.3], "texture": "#missing"},
				"up": {"uv": [0, 0, 1, 1], "texture": "#missing"},
				"down": {"uv": [0, 0, 1, 1], "texture": "#missing"}
			}
		},
		{
			"from": [15.72965, 8.87639, 7],
			"to": [16.20465, 9.87639, 8],
			"rotation": {"angle": -22.5, "axis": "z", "origin": [8, 8, 8]},
			"color": 3,
			"faces": {
				"north": {"uv": [0, 0, 1, 0.475], "rotation": 270, "texture": "#missing"},
				"east": {"uv": [0, 0, 1, 1], "rotation": 90, "texture": "#missing"},
				"south": {"uv": [0, 0, 1, 0.475], "rotation": 90, "texture": "#missing"},
				"west": {"uv": [0, 0, 1, 1], "rotation": 90, "texture": "#missing"},
				"up": {"uv": [0, 0, 1, 0.475], "rotation": 90, "texture": "#missing"},
				"down": {"uv": [0, 0, 1, 0.475], "rotation": 90, "texture": "#missing"}
			}
		},
		{
			"from": [-0.28289, 8.87639, 7],
			"to": [0.19211, 9.87639, 8],
			"rotation": {"angle": 22.5, "axis": "z", "origin": [8, 8, 8]},
			"color": 3,
			"faces": {
				"north": {"uv": [0, 0, 1, 0.475], "rotation": 270, "texture": "#missing"},
				"east": {"uv": [0, 0, 1, 1], "rotation": 90, "texture": "#missing"},
				"south": {"uv": [0, 0, 1, 0.475], "rotation": 90, "texture": "#missing"},
				"west": {"uv": [0, 0, 1, 1], "rotation": 90, "texture": "#missing"},
				"up": {"uv": [0, 0, 1, 0.475], "rotation": 90, "texture": "#missing"},
				"down": {"uv": [0, 0, 1, 0.475], "rotation": 90, "texture": "#missing"}
			}
		},
		{
			"from": [14.13219, 2.23403, 7],
			"to": [15.13219, 3.53403, 8],
			"rotation": {"angle": 22.5, "axis": "z", "origin": [8, 8, 8]},
			"color": 3,
			"faces": {
				"north": {"uv": [0, 0, 1, 1.3], "rotation": 180, "texture": "#missing"},
				"east": {"uv": [0, 0, 1, 1.3], "rotation": 180, "texture": "#missing"},
				"south": {"uv": [0, 0, 1, 1.3], "rotation": 180, "texture": "#missing"},
				"west": {"uv": [0, 0, 1, 1.3], "rotation": 180, "texture": "#missing"},
				"up": {"uv": [0, 0, 1, 1], "rotation": 180, "texture": "#missing"},
				"down": {"uv": [0, 0, 1, 1], "rotation": 180, "texture": "#missing"}
			}
		},
		{
			"from": [1.14339, 2.80961, 7],
			"to": [2.44339, 3.80961, 8],
			"rotation": {"angle": -22.5, "axis": "z", "origin": [8, 8, 8]},
			"color": 3,
			"faces": {
				"north": {"uv": [0, 0, 1, 1.3], "rotation": 270, "texture": "#missing"},
				"east": {"uv": [0, 0, 1, 1], "rotation": 90, "texture": "#missing"},
				"south": {"uv": [0, 0, 1, 1.3], "rotation": 90, "texture": "#missing"},
				"west": {"uv": [0, 0, 1, 1], "rotation": 90, "texture": "#missing"},
				"up": {"uv": [0, 0, 1, 1.3], "rotation": 90, "texture": "#missing"},
				"down": {"uv": [0, 0, 1, 1.3], "rotation": 90, "texture": "#missing"}
			}
		}
	],
	"display": {
		"thirdperson_righthand": {
			"translation": [0, 8, 0],
			"scale": [0.87, 0.87, 0.87]
		},
		"thirdperson_lefthand": {
			"translation": [0, 8, 0],
			"scale": [0.87, 0.87, 0.87]
		},
		"firstperson_righthand": {
			"rotation": [-19, -13, 0],
			"translation": [0, 8, -1]
		},
		"firstperson_lefthand": {
			"rotation": [-19, 13, 0],
			"translation": [0, 8, -1],
			"scale": [0.87, 0.87, 0.87]
		},
		"ground": {
			"translation": [0, 8.5, 0]
		},
		"gui": {
			"translation": [0, 6.25, 0],
			"scale": [0.87, 0.87, 0.87]
		},
		"head": {
			"rotation": [-16, 0, 0],
			"translation": [0, 17, -5.75],
			"scale": [1, 1.11, 1]
		},
		"fixed": {
			"translation": [0, 6.25, 0]
		}
	}
}