{
	"__comment": "Designed by Ajolevano with Cubik Studio - https://cubik.studio",
	"textures": {
		"0": "misc/cannon",
		"particle": "misc/cannon"
	},
	"elements": [ 	 
		{
			"__comment": "Element",
			"from": [ 0, 2, 10 ],
			"to": [ 16, 18, 24 ],
			"faces": {
				"down": { "uv": [ 5.75, 0, 3.75, 1.75 ], "texture": "#0" },
				"up": { "uv": [ 3.75, 1.75, 1.75, 0 ], "texture": "#0" },
				"north": { "uv": [ 1.75, 1.75, 3.75, 3.75 ], "texture": "#0" },
				"south": { "uv": [ 5.5, 1.75, 7.5, 3.75 ], "texture": "#0" },
				"west": { "uv": [ 3.75, 1.75, 5.5, 3.75 ], "texture": "#0" },
				"east": { "uv": [ 0, 1.75, 1.75, 3.75 ], "texture": "#0" }
			}
		},
		{
			"__comment": "Element",
			"from": [ 2, 4, -6 ],
			"to": [ 14, 16, 10 ],
			"faces": {
				"down": { "uv": [ 5, 3.75, 3.5, 5.75 ], "texture": "#0" },
				"up": { "uv": [ 3.5, 5.75, 2, 3.75 ], "texture": "#0" },
				"north": { "uv": [ 2, 5.75, 3.5, 7.25 ], "texture": "#0" },
				"south": { "uv": [ 5.5, 5.75, 7, 7.25 ], "texture": "#0" },
				"west": { "uv": [ 3.5, 5.75, 5.5, 7.25 ], "texture": "#0" },
				"east": { "uv": [ 0, 5.75, 2, 7.25 ], "texture": "#0" }
			}
		},
		{
			"__comment": "Element",
			"from": [ 1, 3, -8 ],
			"to": [ 15, 17, -6 ],
			"faces": {
				"down": { "uv": [ 8.75, 3.75, 7, 4 ], "texture": "#0" },
				"up": { "uv": [ 7, 4, 5.25, 3.75 ], "texture": "#0" },
				"north": { "uv": [ 5.25, 4, 7, 5.75 ], "texture": "#0" },
				"south": { "uv": [ 7.25, 4, 9, 5.75 ], "texture": "#0" },
				"west": { "uv": [ 7, 4, 7.25, 5.75 ], "texture": "#0" },
				"east": { "uv": [ 5, 4, 5.25, 5.75 ], "texture": "#0" }
			}
		}
	],
	"display": {
		"thirdperson_righthand": {
			"scale":  [ 0.5, 0.5, 0.5 ]
		},
		"thirdperson_lefthand": {
			"scale":  [ 0.5, 0.5, 0.5 ]
		},
		"firstperson_righthand": {
			"scale":  [ 0.5, 0.5, 0.5 ]
		},
		"firstperson_lefthand": {
			"scale":  [ 0.5, 0.5, 0.5 ]
		},
		"gui": {
			"rotation":  [ 35, 25, -10 ],
			"translation":  [ -0.75, -0.25, 0 ],
			"scale":  [ 0.5, 0.5, 0.5 ]
		},
		"head": {
			"translation":  [ 0, -6, -20 ],
			"scale":  [ 2.5, 2.5, 5 ]
		},
		"ground": {
			"rotation":  [ 0, 0, 45 ],
			"translation":  [ 0, 3, 0 ],
			"scale":  [ 0.5, 0.5, 0.5 ]
		},
		"fixed": {
			"translation":  [ 0, -4, -62 ],
			"scale":  [ 2, 2, 4 ]
		}
	}
}