{
	"credit": "Made with Blockbench",
	"texture_size": [64, 64],
	"textures": {
		"0": "misc/cannon_base"
	},
	"elements": [
		{
			"from": [3, 0, 0],
			"to": [13, 1, 16],
			"faces": {
				"north": {"uv": [3.5, 2.5, 6, 2.75], "texture": "#0"},
				"east": {"uv": [7.5, 2, 11.5, 2.25], "texture": "#0"},
				"south": {"uv": [3.5, 2.75, 6, 3], "texture": "#0"},
				"west": {"uv": [7.5, 2.25, 11.5, 2.5], "texture": "#0"},
				"up": {"uv": [6, 7.5, 3.5, 3.5], "texture": "#0"},
				"down": {"uv": [8.5, 6, 6, 10], "texture": "#0"}
			}
		},
		{
			"from": [0, 0, 3],
			"to": [16, 1, 13],
			"faces": {
				"north": {"uv": [8.5, 8.5, 12.5, 8.75], "texture": "#0"},
				"east": {"uv": [3.5, 3, 6, 3.25], "texture": "#0"},
				"south": {"uv": [8.5, 6, 12.5, 6.25], "texture": "#0"},
				"west": {"uv": [3.5, 3.25, 6, 3.5], "texture": "#0"},
				"up": {"uv": [7.5, 2.5, 3.5, 0], "texture": "#0"},
				"down": {"uv": [10, 2.5, 6, 5], "texture": "#0"}
			}
		},
		{
			"from": [1, 0, 1],
			"to": [15, 2, 15],
			"faces": {
				"north": {"uv": [7.5, 0, 11, 0.5], "texture": "#0"},
				"east": {"uv": [7.5, 0.5, 11, 1], "texture": "#0"},
				"south": {"uv": [7.5, 1, 11, 1.5], "texture": "#0"},
				"west": {"uv": [7.5, 1.5, 11, 2], "texture": "#0"},
				"up": {"uv": [3.5, 3.5, 0, 0], "texture": "#0"},
				"down": {"uv": [3.5, 3.5, 0, 7], "texture": "#0"}
			}
		},
		{
			"from": [6, 1, 1.1],
			"to": [10, 13, 2.1],
			"faces": {
				"north": {"uv": [0, 7, 1, 10], "texture": "#0"},
				"east": {"uv": [5, 7.5, 5.25, 10.5], "texture": "#0"},
				"south": {"uv": [1, 7, 2, 10], "texture": "#0"},
				"west": {"uv": [5.25, 7.5, 5.5, 10.5], "texture": "#0"},
				"up": {"uv": [9.5, 6.5, 8.5, 6.25], "texture": "#0"},
				"down": {"uv": [9.5, 6.5, 8.5, 6.75], "texture": "#0"}
			}
		},
		{
			"from": [6, 1, 13.9],
			"to": [10, 13, 14.9],
			"faces": {
				"north": {"uv": [2, 7, 3, 10], "texture": "#0"},
				"east": {"uv": [5.5, 7.5, 5.75, 10.5], "texture": "#0"},
				"south": {"uv": [3, 7.5, 4, 10.5], "texture": "#0"},
				"west": {"uv": [5.75, 7.5, 6, 10.5], "texture": "#0"},
				"up": {"uv": [9.5, 7, 8.5, 6.75], "texture": "#0"},
				"down": {"uv": [9.5, 7, 8.5, 7.25], "texture": "#0"}
			}
		},
		{
			"from": [7, 10, 0],
			"to": [9, 12, 16],
			"rotation": {"angle": 45, "axis": "z", "origin": [8, 11, 0]},
			"faces": {
				"north": {"uv": [3, 7, 3.5, 7.5], "texture": "#0"},
				"east": {"uv": [6, 5, 10, 5.5], "texture": "#0"},
				"south": {"uv": [8.5, 7.25, 9, 7.75], "texture": "#0"},
				"west": {"uv": [6, 5.5, 10, 6], "texture": "#0"},
				"up": {"uv": [4.5, 11.5, 4, 7.5], "texture": "#0"},
				"down": {"uv": [5, 7.5, 4.5, 11.5], "texture": "#0"}
			}
		}
	],
	"display": {
		"thirdperson_righthand": {
			"rotation": [-3, 0, 0],
			"scale": [0.5, 0.5, 0.5]
		},
		"head": {
			"rotation": [0, 90, 0],
			"translation": [0, -13, 0],
			"scale": [4, 4, 4]
		}
	},
	"groups": [
		{
			"name": "cannon_base",
			"origin": [8, 8, 8],
			"children": [0, 1, 2, 3, 4, 5]
		}
	]
}